_id,Pais,Anio_Origen,Sector_Economico,Monto_Aprobado,CANTIDAD_APROBACIONES,Fecha_Aprobacion,Anio,Mes,Cluster,Probabilidad_Asignacion,Entropia
1,COSTA RICA,2012,Sector Privado,3000000.0,1,2012-01-01,2012,1,3,0.9999993337798613,1.0259808937046259e-05
2,ARGENTINA,2022,Sector Público,115000000.0,4,2022-01-01,2022,1,0,0.999765239573411,0.0022086314828910344
3,ARGENTINA,2015,Sector Público,50000000.0,1,2015-01-01,2015,1,3,0.9999982900834192,2.5113517178743043e-05
4,ARGENTINA,2017,Sector Público,30000000.0,1,2017-01-01,2017,1,3,0.9999984745365729,2.291516226440196e-05
5,COSTA RICA,2003,Sector Privado,54336000.0,12,2003-01-01,2003,1,1,0.7204744887365298,0.5925046225648677
6,BELICE,2014,Sector Público,30000000.0,1,2014-01-01,2014,1,3,0.9999984745365729,2.291516226440196e-05
7,BELICE,2009,Sector Público,1905800.0,1,2009-01-01,2009,1,3,0.9999996093857612,6.199751448180767e-06
8,COLOMBIA,2008,Sector Privado,5000000.0,1,2008-01-01,2008,1,3,0.9999990048988363,1.5037453176713854e-05
9,COSTA RICA,1965,Sector Privado,1284100.0,4,1965-01-01,1965,1,0,0.9999740501313105,0.0003202192535113828
10,COSTA RICA,1981,Sector Privado,2771000.0,4,1981-01-01,1981,1,0,0.9999543216666154,0.000550968662392348
11,COSTA RICA,1986,Sector Público,3000000.0,1,1986-01-01,1986,1,3,0.9999993337798613,1.0259808937046259e-05
12,COSTA RICA,1985,Sector Público,6600000.0,2,1985-01-01,1985,1,9,0.9999938556530653,8.37237504534554e-05
13,ARGENTINA,2021,Sector Público,150000000.0,3,2021-01-01,2021,1,5,0.9999496224235707,0.0005504775541723719
14,COSTA RICA,1963,Sector Privado,62000.0,2,1963-01-01,1963,1,9,0.9999999999372607,1.5433879259896206e-09
15,COSTA RICA,1969,Sector Privado,604600.0,6,1969-01-01,1969,1,7,0.9987639237484853,0.010039076166025122
16,COSTA RICA,1978,Sector Privado,7735000.0,5,1978-01-01,1978,1,8,0.9988418733782705,0.009796479318196813
17,ARGENTINA,2023,Sector Público,625000000.0,3,2023-01-01,2023,1,5,0.9999862874711817,0.00016727979038345565
18,ARGENTINA,2016,Sector Público,90000000.0,2,2016-01-01,2016,1,9,0.999985341638033,0.000179366588080518
19,COSTA RICA,1967,Sector Privado,1164600.0,5,1967-01-01,1967,1,8,0.9985671862902822,0.010937369434340689
20,COSTA RICA,1994,Sector Privado,78026000.0,31,1994-01-01,1994,1,6,0.9775989314745627,0.10724201303519715
21,COSTA RICA,1976,Sector Privado,4439000.0,5,1976-01-01,1976,1,8,0.9986777930389671,0.010684822348753705
22,COSTA RICA,1971,Sector Privado,2816075.0,9,1971-01-01,1971,1,1,0.8257379772075364,0.5657791391494051
23,COLOMBIA,2005,Sector Público,71120000.0,2,2005-01-01,2005,1,9,0.9999851554149862,0.00018216354736196649
24,COSTA RICA,1968,Sector Privado,761000.0,3,1968-01-01,1968,1,5,0.9999992045193031,1.2442320893527418e-05
25,COSTA RICA,1999,Sector Privado,18809037.0,5,1999-01-01,1999,1,8,0.99897934718281,0.00886951221849047
26,ARGENTINA,2018,Sector Público,32000000.0,1,2018-01-01,2018,1,3,0.9999984542539969,2.3164938477545917e-05
27,COSTA RICA,1974,Sector Privado,9478100.0,11,1974-01-01,1974,1,1,0.8815288893909936,0.363870086937252
28,COSTA RICA,2013,Sector Privado,34775000.0,4,2013-01-01,2013,1,0,0.9997648296078823,0.0022567722927996792
29,COSTA RICA,1992,Sector Privado,9200145.0,7,1992-01-01,1992,1,7,0.823776213813761,0.5060316986306487
30,COSTA RICA,1989,Sector Público,38000000.0,4,1989-01-01,1989,1,0,0.9997592789895995,0.002298893509656765
31,COSTA RICA,1995,Sector Privado,40150000.0,16,1995-01-01,1995,1,4,0.9880121629734624,0.06494823941673761
32,COSTA RICA,2000,Sector Privado,38630000.0,7,2000-01-01,2000,1,1,0.6666450998806979,0.7014641452191599
33,COLOMBIA,2011,Sector Público,50000000.0,1,2011-01-01,2011,1,3,0.9999982900834192,2.5113517178743043e-05
34,COSTA RICA,1991,Sector Privado,4200000.0,1,1991-01-01,1991,1,3,0.9999991125019111,1.3473498506689317e-05
35,COSTA RICA,1988,Sector Público,23000000.0,5,1988-01-01,1988,1,8,0.9989842340126455,0.00877415261245299
36,COSTA RICA,1973,Sector Privado,8680000.0,11,1973-01-01,1973,1,1,0.8844169600590281,0.35803386306793694
37,ARGENTINA,2024,Sector Público,230000000.0,1,2024-01-01,2024,1,3,0.9999983905762307,2.312444726623218e-05
38,COSTA RICA,1990,Sector Público,28375000.0,4,1990-01-01,1990,1,0,0.9997799333099111,0.00213947164678385
39,COSTA RICA,1977,Sector Privado,2000000.0,1,1977-01-01,1977,1,3,0.9999995831190479,6.591729553418902e-06
40,ARGENTINA,2019,Sector Público,67000000.0,1,2019-01-01,2019,1,3,0.999998186371785,2.6295812898840348e-05
41,COSTA RICA,1982,Sector Privado,8500000.0,1,1982-01-01,1982,1,3,0.9999987547544892,1.875406281587034e-05
42,COLOMBIA,2007,Sector Privado,136948000.0,1,2007-01-01,2007,1,3,0.9999981427483559,2.651980587205825e-05
43,ARGENTINA,2025,Sector Público,127500000.0,2,2025-01-01,2025,1,9,0.9999863951882529,0.00016684044242486003
44,COSTA RICA,2012,Sector Público,350000000.0,4,2012-01-01,2012,1,0,0.9998793002916836,0.0012113449537122577
45,BELICE,2022,Sector Público,24000000.0,1,2022-01-01,2022,1,3,0.999998534676257,2.2148531283960167e-05
46,COLOMBIA,2015,Sector Público,136000000.0,1,2015-01-01,2015,1,3,0.9999981410581839,2.6544314269588938e-05
47,COLOMBIA,2017,Sector Público,50000000.0,1,2017-01-01,2017,1,3,0.9999982900834192,2.5113517178743043e-05
48,COSTA RICA,2003,Sector Público,118330255.46,3,2003-01-01,2003,1,5,0.9999443939201412,0.0006029685792018626
49,COLOMBIA,2014,Sector Público,50000000.0,1,2014-01-01,2014,1,3,0.9999982900834192,2.5113517178743043e-05
50,COSTA RICA,1975,Sector Privado,5828000.0,4,1975-01-01,1975,1,0,0.9999178401684807,0.000933934322228035
51,COSTA RICA,2008,Sector Privado,27000000.0,11,2008-01-01,2008,1,1,0.8635822869650654,0.39840748291073697
52,COSTA RICA,1965,Sector Público,2000000.0,2,1965-01-01,1965,1,9,0.9999981633774725,2.669642004402276e-05
53,COSTA RICA,1981,Sector Público,19000000.0,4,1981-01-01,1981,1,0,0.9998161290858689,0.001847005643065764
54,EL SALVADOR,1986,Sector Privado,400000.0,1,1986-01-01,1986,1,3,0.9999999843038784,2.9828689864861524e-07
55,EL SALVADOR,1985,Sector Público,1980000.0,1,1985-01-01,1985,1,3,0.9999995886647486,6.50908628898737e-06
56,COSTA RICA,2021,Sector Público,580000000.0,2,2021-01-01,2021,1,9,0.9999958253473347,5.589410155907224e-05
57,EL SALVADOR,1963,Sector Privado,2426600.0,5,1963-01-01,1963,1,8,0.9985354928128186,0.011361075989107648
58,COSTA RICA,1969,Sector Público,13134000.0,10,1969-01-01,1969,1,1,0.9193664957702526,0.2809257502704259
59,COSTA RICA,1978,Sector Público,37020000.0,7,1978-01-01,1978,1,1,0.651692401666385,0.7127897651293147
60,BELICE,2010,Sector Público,10667410.0,2,2010-01-01,2010,1,9,0.9999918913784072,0.00010877834795315707
61,COSTA RICA,1993,Sector Privado,25000000.0,20,1993-01-01,1993,1,4,0.9999920499874887,0.0001018177145578829
62,COSTA RICA,1967,Sector Público,5990000.0,2,1967-01-01,1967,1,9,0.9999942502179973,7.859754205456026e-05
63,COSTA RICA,1994,Sector Público,65784244.0,11,1994-01-01,1994,1,1,0.8761280585128468,0.3745694022669629
64,COSTA RICA,1976,Sector Público,37043000.0,9,1976-01-01,1976,1,1,0.9552306791237926,0.19233819535113042
65,COSTA RICA,1971,Sector Público,6200000.0,3,1971-01-01,1971,1,5,0.999980788354215,0.00024135028992866846
66,COSTA RICA,1979,Sector Privado,12000000.0,4,1979-01-01,1979,1,0,0.9998602124292607,0.0014705209553072026
67,COSTA RICA,1968,Sector Público,3022000.0,5,1968-01-01,1968,1,8,0.9985752062618668,0.011191164192101335
68,COSTA RICA,1999,Sector Público,73333101.0,4,1999-01-01,1999,1,0,0.9997447650139344,0.0023914110791204016
69,ARGENTINA,2020,Sector Público,50000000.0,1,2020-01-01,2020,1,3,0.9999982900834192,2.5113517178743043e-05
70,COSTA RICA,1974,Sector Público,40330000.0,18,1974-01-01,1974,1,4,0.9997113841356117,0.0026409129798650277
71,COSTA RICA,2013,Sector Público,515000000.0,4,2013-01-01,2013,1,0,0.9999180409629265,0.00085406318723753
72,COSTA RICA,1992,Sector Público,45965600.0,6,1992-01-01,1992,1,1,0.664065833265297,0.6933990564281287
73,EL SALVADOR,1989,Sector Público,12000000.0,3,1989-01-01,1989,1,5,0.9999671627506597,0.00039110456112189404
74,COSTA RICA,1995,Sector Público,60035316.0,5,1995-01-01,1995,1,8,0.9989982673573795,0.008271074519694197
75,COSTA RICA,2000,Sector Público,74091406.0,4,2000-01-01,2000,1,0,0.9997449584090371,0.0023894549342698317
76,COSTA RICA,2011,Sector Privado,31000000.0,5,2011-01-01,2011,1,8,0.9989829044885893,0.008664614794104793
77,COSTA RICA,1991,Sector Público,32700000.0,3,1991-01-01,1991,1,5,0.9999446215953691,0.0006131297711834237
78,EL SALVADOR,1988,Sector Público,16740000.0,4,1988-01-01,1988,1,0,0.9998283774563121,0.0017447427477437372
79,COSTA RICA,1973,Sector Público,25900000.0,8,1973-01-01,1973,1,1,0.8500824472622568,0.501121887506043
80,COSTA RICA,2024,Sector Público,770000000.0,1,2024-01-01,2024,1,3,0.9999993802577709,9.479276105416183e-06
81,EL SALVADOR,1990,Sector Público,37670000.0,5,1990-01-01,1990,1,8,0.99898148652148,0.00858790057742011
82,COSTA RICA,1977,Sector Público,18760000.0,5,1977-01-01,1977,1,8,0.9989792353738425,0.008870954289362224
83,COSTA RICA,1966,Sector Privado,3118500.0,6,1966-01-01,1966,1,7,0.9765657313151774,0.12007046593165148
84,COSTA RICA,1982,Sector Público,8000000.0,2,1982-01-01,1982,1,9,0.9999930710973174,9.384376675087589e-05
85,COLOMBIA,2007,Sector Público,50000000.0,1,2007-01-01,2007,1,3,0.9999982900834192,2.5113517178743043e-05
86,COLOMBIA,2025,Sector Público,75000000.0,1,2025-01-01,2025,1,3,0.999998154858981,2.6641563637964072e-05
87,EL SALVADOR,2012,Sector Privado,18000000.0,3,2012-01-01,2012,1,5,0.999957600016254,0.0004888607150900236
88,COLOMBIA,2022,Sector Público,250000000.0,1,2022-01-01,2022,1,3,0.9999984497844759,2.2324463769426645e-05
89,COSTA RICA,2015,Sector Privado,73000000.0,4,2015-01-01,2015,1,0,0.999744683715825,0.0023922422506471542
90,COSTA RICA,1964,Sector Privado,1123435.0,6,1964-01-01,1964,1,7,0.9961064256666732,0.027161972954508853
91,EL SALVADOR,2003,Sector Privado,29976300.0,13,2003-01-01,2003,1,4,0.5065369580361061,0.6930617144843811
92,COSTA RICA,2002,Sector Privado,70164000.0,13,2002-01-01,2002,1,4,0.5584586810412623,0.6862966883536812
93,COSTA RICA,1975,Sector Público,26066000.0,9,1975-01-01,1975,1,1,0.9470293552300537,0.22174694481866955
94,COSTA RICA,2008,Sector Público,172390000.0,5,2008-01-01,2008,1,8,0.999203905034763,0.006718338215173082
95,EL SALVADOR,1965,Sector Privado,5096700.0,7,1965-01-01,1965,1,7,0.9259470903441566,0.28380583388397396
96,EL SALVADOR,1981,Sector Privado,481100.0,2,1981-01-01,1981,1,9,0.9999998995759957,1.7336178616789152e-06
97,EL SALVADOR,1986,Sector Público,13000000.0,1,1986-01-01,1986,1,3,0.9999986475742949,2.045957030263922e-05
98,GUATEMALA,1985,Sector Público,8000000.0,1,1985-01-01,1985,1,3,0.9999987763086531,1.842383362176823e-05
99,EL SALVADOR,2021,Sector Privado,20000000.0,1,2021-01-01,2021,1,3,0.9999985731015644,2.1621679207650526e-05
100,EL SALVADOR,1963,Sector Público,20000.0,1,1963-01-01,1963,1,3,0.9999999999999294,2.2116877716235798e-12
101,EL SALVADOR,1969,Sector Privado,3610130.0,9,1969-01-01,1969,1,1,0.8596013528389564,0.4990192190107772
102,COSTA RICA,1980,Sector Privado,5761288.0,6,1980-01-01,1980,1,7,0.9357972507721967,0.25924995856806554
103,BELICE,2023,Sector Público,2500000.0,1,2023-01-01,2023,1,3,0.999999451096664,8.543798154118547e-06
104,COSTA RICA,1993,Sector Público,21750000.0,4,1993-01-01,1993,1,0,0.9998033121348162,0.0019522320850681966
105,EL SALVADOR,1967,Sector Privado,986000.0,4,1967-01-01,1967,1,0,0.999978490377912,0.0002662593262019128
106,EL SALVADOR,1994,Sector Privado,24313000.0,17,1994-01-01,1994,1,4,0.9963766202251828,0.023981462881933646
107,COSTA RICA,1998,Sector Privado,84786168.0,24,1998-01-01,1998,1,4,0.9999999011374752,1.6935754258961199e-06
108,COSTA RICA,1983,Sector Privado,1800000.0,1,1983-01-01,1983,1,3,0.9999996392883708,5.751730626062923e-06
109,COSTA RICA,1979,Sector Público,33110000.0,9,1979-01-01,1979,1,1,0.9526343179281693,0.20160925548695352
110,EL SALVADOR,1968,Sector Privado,1525700.0,5,1968-01-01,1968,1,8,0.9985226627765483,0.011291384682001882
111,EL SALVADOR,1999,Sector Privado,61619477.0,6,1999-01-01,1999,1,1,0.7596640750054585,0.5963236228520263
112,COSTA RICA,2018,Sector Público,530284067.0,3,2018-01-01,2018,1,5,0.9999830432836272,0.00020326851363673524
113,COSTA RICA,1984,Sector Público,1650000.0,1,1984-01-01,1984,1,3,0.999999682234327,5.10455488831697e-06
114,EL SALVADOR,2013,Sector Público,199208600.0,4,2013-01-01,2013,1,0,0.9998163657976203,0.001767622669881913
115,EL SALVADOR,1992,Sector Privado,14000000.0,3,1992-01-01,1992,1,5,0.9999635752442348,0.00042843139006119456
116,GUATEMALA,1989,Sector Privado,99000.0,1,1989-01-01,1989,1,3,0.9999999998613304,3.2887747013274047e-09
117,EL SALVADOR,1995,Sector Privado,71513548.0,13,1995-01-01,1995,1,4,0.5590237590245367,0.6861632988974975
118,EL SALVADOR,2000,Sector Privado,7830000.0,1,2000-01-01,2000,1,3,0.9999987843873862,1.8300861104246215e-05
119,COSTA RICA,2011,Sector Público,499000000.0,3,2011-01-01,2011,1,5,0.9999817330463799,0.00021762212818935827
120,EL SALVADOR,1991,Sector Público,1000000.0,1,1991-01-01,1991,1,3,0.9999998653505286,2.2737984433253417e-06
121,HONDURAS,1988,Sector Público,37600000.0,10,1988-01-01,1988,1,1,0.9295000024555101,0.25508154056850385
122,EL SALVADOR,1973,Sector Privado,9430000.0,8,1973-01-01,1973,1,1,0.5693674606279543,0.8018665584604556
123,EL SALVADOR,2024,Sector Público,263900000.0,2,2024-01-01,2024,1,9,0.9999907771073373,0.00011628184804754695
124,GUATEMALA,1990,Sector Privado,15220600.0,2,1990-01-01,1990,1,9,0.9999903953735422,0.00012695490108968697
125,EL SALVADOR,1977,Sector Público,14100000.0,2,1977-01-01,1977,1,9,0.9999907229190678,0.00012306138536285693
126,COSTA RICA,1966,Sector Público,4700000.0,1,1966-01-01,1966,1,3,0.9999990420649977,1.4496434531231362e-05
127,EL SALVADOR,1982,Sector Privado,2000000.0,3,1982-01-01,1982,1,5,0.999995128017458,6.760656488121485e-05
128,COSTA RICA,2001,Sector Privado,31000000.0,4,2001-01-01,2001,1,0,0.9997729956492192,0.002193768390215404
129,COSTA RICA,1996,Sector Privado,35521099.0,21,1996-01-01,1996,1,4,0.9999995033947896,7.99163492929799e-06
130,EL SALVADOR,2012,Sector Público,193161825.0,3,2012-01-01,2012,1,5,0.9999562775868508,0.0004834595323389185
131,COSTA RICA,1987,Sector Privado,1000000.0,1,1987-01-01,1987,1,3,0.9999998653505286,2.2737984433253417e-06
132,COSTA RICA,2015,Sector Público,202587964.87,2,2015-01-01,2015,1,9,0.9999889711228334,0.00013719067936280864
133,COSTA RICA,1964,Sector Público,1163000.0,2,1964-01-01,1964,1,9,0.9999992522877488,1.1471718383788277e-05
134,EL SALVADOR,2003,Sector Público,143500000.0,3,2003-01-01,2003,1,5,0.9999485564249048,0.0005611753183777428
135,COSTA RICA,2002,Sector Público,280000000.0,6,2002-01-01,2002,1,2,0.8566137492523559,0.43057300963964623
136,COSTA RICA,2009,Sector Privado,32900000.0,5,2009-01-01,2009,1,8,0.9989822932199508,0.00864281197149487
137,EL SALVADOR,2008,Sector Privado,15261000.0,3,2008-01-01,2008,1,5,0.9999615328835848,0.0004493243514907865
138,EL SALVADOR,1965,Sector Público,1066000.0,2,1965-01-01,1965,1,9,0.9999993676480753,9.8004272126665e-06
139,EL SALVADOR,1981,Sector Público,9200000.0,4,1981-01-01,1981,1,0,0.9998837822503668,0.0012583967774664208
140,HONDURAS,1986,Sector Público,16675000.0,6,1986-01-01,1986,1,7,0.7127978604511988,0.6571869128837837
141,HONDURAS,1985,Sector Público,9150000.0,2,1985-01-01,1985,1,9,0.9999925220491815,0.000100846335640135
142,EL SALVADOR,2021,Sector Público,864700000.0,3,2021-01-01,2021,1,5,0.9999914086699259,0.00010881471142200833
143,GUATEMALA,1963,Sector Privado,3327500.0,11,1963-01-01,1963,1,1,0.9230186607962476,0.2713448357893914
144,EL SALVADOR,1969,Sector Público,7250000.0,3,1969-01-01,1969,1,5,0.9999778736692964,0.00027451205643234066
145,COSTA RICA,1980,Sector Público,20970000.0,7,1980-01-01,1980,1,7,0.5507913515468761,0.7608593641223997
146,COLOMBIA,2010,Sector Privado,35321000.0,1,2010-01-01,2010,1,3,0.9999984209338708,2.356937497091565e-05
147,COSTA RICA,2016,Sector Privado,50000000.0,1,2016-01-01,2016,1,3,0.9999982900834192,2.5113517178743043e-05
148,GUATEMALA,1967,Sector Privado,292000.0,2,1967-01-01,1967,1,9,0.9999999763286509,4.422189311485434e-07
149,EL SALVADOR,1994,Sector Público,144238000.0,9,1994-01-01,1994,1,1,0.9823341173236855,0.09049255286473915
150,COSTA RICA,1998,Sector Público,56698182.0,3,1998-01-01,1998,1,5,0.9999383318211709,0.0006680493173567418
151,COSTA RICA,1983,Sector Público,15402200.0,3,1983-01-01,1983,1,5,0.999961313858289,0.00045155000448351946
152,COSTA RICA,1997,Sector Privado,26300000.0,13,1997-01-01,1997,1,1,0.5061125431131573,0.6930724523318847
153,EL SALVADOR,1968,Sector Público,7900000.0,2,1968-01-01,1968,1,9,0.9999931224474082,9.318504971751417e-05
154,GUATEMALA,1999,Sector Privado,56093000.0,10,1999-01-01,1999,1,1,0.9380624164016639,0.23235512207979564
155,COSTA RICA,2020,Sector Privado,6000000.0,1,2020-01-01,2020,1,3,0.9999989039014022,1.6516453836044113e-05
156,EL SALVADOR,1974,Sector Privado,8070000.0,6,1974-01-01,1974,1,7,0.892101301723342,0.37311304919692145
157,GUATEMALA,2013,Sector Privado,18750000.0,1,2013-01-01,2013,1,3,0.9999985849448059,2.1449601188608025e-05
158,EL SALVADOR,1992,Sector Público,36800000.0,4,1992-01-01,1992,1,0,0.9997612060038364,0.002284347197046067
159,GUATEMALA,1989,Sector Público,7000000.0,3,1989-01-01,1989,1,5,0.9999785459791832,0.00026691962870054324
160,EL SALVADOR,1995,Sector Público,21150000.0,2,1995-01-01,1995,1,9,0.9999889496762507,0.00014354313120881518
161,EL SALVADOR,2000,Sector Público,80000000.0,2,2000-01-01,2000,1,9,0.999985194960826,0.00018134045175273374
162,EL SALVADOR,2011,Sector Privado,53625000.0,5,2011-01-01,2011,1,8,0.9989901704542555,0.00837278276133483
163,GUATEMALA,1991,Sector Privado,6500000.0,1,1991-01-01,1991,1,3,0.9999988642478691,1.7102819897043006e-05
164,EL SALVADOR,1973,Sector Público,6560000.0,3,1973-01-01,1973,1,5,0.9999797616331124,0.0002531050998587493
165,GUATEMALA,1961,Sector Privado,275000.0,1,1961-01-01,1961,1,3,0.9999999947555538,1.0537867718513111e-07
166,GUATEMALA,1990,Sector Público,28600000.0,4,1990-01-01,1990,1,0,0.9997792934437498,0.002144506010639009
167,GUATEMALA,1977,Sector Privado,3000000.0,1,1977-01-01,1977,1,3,0.9999993337798613,1.0259808937046259e-05
168,COSTA RICA,2004,Sector Privado,34790000.0,9,2004-01-01,2004,1,1,0.9537821796836724,0.1975087494860479
169,EL SALVADOR,1982,Sector Público,17800000.0,2,1982-01-01,1982,1,9,0.9999897139653119,0.00013489302059467876
170,COSTA RICA,2001,Sector Público,130853800.0,3,2001-01-01,2001,1,5,0.9999464612395086,0.0005821978622884043
171,COSTA RICA,1996,Sector Público,67254960.0,8,1996-01-01,1996,1,1,0.9515624407225308,0.22610019271729032
172,GUATEMALA,2012,Sector Privado,86288817.45,5,2012-01-01,2012,1,8,0.9990475000288636,0.007807313221706279
173,COSTA RICA,1987,Sector Público,17200000.0,6,1987-01-01,1987,1,7,0.7022565617525072,0.6675175217494294
174,EL SALVADOR,2015,Sector Privado,90000000.0,5,2015-01-01,2015,1,8,0.9990555781945689,0.007740251828631642
175,COSTA RICA,2017,Sector Privado,1350000.0,1,2017-01-01,2017,1,3,0.9999997686883902,3.7853749174609225e-06
176,GUATEMALA,2003,Sector Privado,47050000.0,10,2003-01-01,2003,1,1,0.934077683437676,0.2430736272196548
177,COSTA RICA,2014,Sector Privado,21000000.0,4,2014-01-01,2014,1,0,0.9998065994655554,0.0019254148320326139
178,COSTA RICA,2009,Sector Público,343538203.07,6,2009-01-01,2009,1,2,0.921965943979061,0.28226351859737764
179,EL SALVADOR,2008,Sector Público,284605000.0,5,2008-01-01,2008,1,8,0.9992084897846103,0.0069528014085956024
180,GUATEMALA,1965,Sector Privado,1751090.0,7,1965-01-01,1965,1,7,0.9875047912764098,0.07088337090286717
181,GUATEMALA,1981,Sector Privado,6300000.0,4,1981-01-01,1981,1,0,0.9999126746536229,0.0009847977690169362
182,GUATEMALA,2021,Sector Privado,7000000.0,1,2021-01-01,2021,1,3,0.9999988303462924,1.7608045139842613e-05
183,GUATEMALA,1963,Sector Público,107000.0,1,1963-01-01,1963,1,3,0.9999999998110369,4.423171926126441e-09
184,GUATEMALA,1969,Sector Privado,1915000.0,4,1969-01-01,1969,1,0,0.999965415046835,0.0004234997614816062
185,EL SALVADOR,1978,Sector Privado,11020000.0,12,1978-01-01,1978,1,1,0.7879247093656296,0.5166933277536434
186,COLOMBIA,2023,Sector Público,250000000.0,1,2023-01-01,2023,1,3,0.9999984497844759,2.2324463769426645e-05
187,COSTA RICA,2016,Sector Público,291842413.0,3,2016-01-01,2016,1,5,0.9999680266496209,0.000363207138267339
188,GUATEMALA,1967,Sector Público,6433000.0,2,1967-01-01,1967,1,9,0.9999939600225718,8.236979090218348e-05
189,GUATEMALA,1994,Sector Privado,37259235.0,23,1994-01-01,1994,1,4,0.9999464248622182,0.0005804709744461635
190,COSTA RICA,2006,Sector Privado,135600000.0,19,2006-01-01,2006,1,4,0.9999928215571323,9.220296729313715e-05
191,EL SALVADOR,1971,Sector Privado,2257157.14,7,1971-01-01,1971,1,7,0.9806139521418578,0.10136083678426924
192,COSTA RICA,1997,Sector Público,92407500.0,3,1997-01-01,1997,1,5,0.9999404577336339,0.0006429126288855235
193,GUATEMALA,1968,Sector Privado,1657000.0,5,1968-01-01,1968,1,8,0.9985169048828983,0.011352052916334641
194,GUATEMALA,1999,Sector Público,87274200.0,5,1999-01-01,1999,1,8,0.9990496322738378,0.007789468616266862
195,COSTA RICA,2020,Sector Público,699160000.0,2,2020-01-01,2020,1,9,0.9999967347634118,4.4517383487379595e-05
196,EL SALVADOR,1974,Sector Público,4750000.0,5,1974-01-01,1974,1,8,0.9986982322771935,0.010578778772855615
197,HONDURAS,2013,Sector Privado,56802700.0,2,2013-01-01,2013,1,9,0.9999853605504052,0.00018071302396066688
198,GUATEMALA,1992,Sector Privado,11660000.0,7,1992-01-01,1992,1,7,0.7601511120279048,0.6015238949926635
199,HONDURAS,1989,Sector Público,48000000.0,4,1989-01-01,1989,1,0,0.9997483546613046,0.002378816496503124
200,GUATEMALA,1995,Sector Privado,98925000.0,36,1995-01-01,1995,1,6,0.9998015295465658,0.0018903856343779574
201,GUATEMALA,2000,Sector Privado,23500000.0,4,2000-01-01,2000,1,0,0.9997961967502678,0.0020098721929754622
202,EL SALVADOR,2011,Sector Público,232212173.8,4,2011-01-01,2011,1,0,0.9998333774149788,0.0016194091433398069
203,GUATEMALA,1991,Sector Público,5200000.0,2,1991-01-01,1991,1,9,0.9999948225259315,7.11296769257373e-05
204,GUATEMALA,1973,Sector Privado,7391620.0,7,1973-01-01,1973,1,7,0.8703568527228689,0.41745562290356647
205,GUATEMALA,2024,Sector Privado,19000000.0,2,2024-01-01,2024,1,9,0.9999894261022012,0.00013818173191920146
206,HONDURAS,1990,Sector Público,58900000.0,9,1990-01-01,1990,1,1,0.9655956584462435,0.15507013364570627
207,GUATEMALA,1977,Sector Público,11800000.0,5,1977-01-01,1977,1,8,0.9989331773827024,0.009242394242622805
208,COSTA RICA,2004,Sector Público,147000000.0,3,2004-01-01,2004,1,5,0.9999491317906641,0.0005554018241081359
209,GUATEMALA,1982,Sector Privado,500000.0,1,1982-01-01,1982,1,3,0.9999999716054608,5.229258379243692e-07
210,COSTA RICA,2007,Sector Privado,505200000.0,23,2007-01-01,2007,1,4,0.9999999999898916,2.6602911901194756e-10
211,COSTA RICA,2025,Sector Público,815000000.0,2,2025-01-01,2025,1,9,0.9999973747336829,3.636361175438548e-05
212,GUATEMALA,2012,Sector Público,280000000.0,1,2012-01-01,2012,1,3,0.9999985365077928,2.115205645303768e-05
213,COSTA RICA,2022,Sector Público,1190000000.0,3,2022-01-01,2022,1,5,0.9999949037280544,6.720666358844538e-05
214,EL SALVADOR,2015,Sector Público,250521814.0,5,2015-01-01,2015,1,8,0.9992228355851478,0.006784543480912477
215,COSTA RICA,2017,Sector Público,214410000.0,3,2017-01-01,2017,1,5,0.9999592141685667,0.000453682748751496
216,GUATEMALA,2003,Sector Público,52600000.0,2,2003-01-01,2003,1,9,0.9999855076086709,0.0001793817609566629
217,COSTA RICA,2014,Sector Público,308000000.0,4,2014-01-01,2014,1,0,0.9998652360528244,0.0013377889857233345
218,EL SALVADOR,1975,Sector Privado,3120000.0,4,1975-01-01,1975,1,0,0.9999499120534895,0.0005999699112767679
219,GUATEMALA,2008,Sector Privado,97894000.0,15,2008-01-01,2008,1,4,0.9643325780788295,0.15392161635477142
220,GUATEMALA,1965,Sector Público,437000.0,1,1965-01-01,1965,1,3,0.9999999800387844,3.7458143232872927e-07
221,GUATEMALA,1981,Sector Público,19189000.0,4,1981-01-01,1981,1,0,0.9998151785276028,0.0018548716519384172
222,HONDURAS,2021,Sector Privado,2500000.0,1,2021-01-01,2021,1,3,0.999999451096664,8.543798154118547e-06
223,HONDURAS,1963,Sector Privado,3767400.0,7,1963-01-01,1963,1,7,0.9542938301363814,0.19854029570614434
224,GUATEMALA,1969,Sector Público,5450000.0,3,1969-01-01,1969,1,5,0.9999830261829482,0.00021544763648928642
225,EL SALVADOR,1978,Sector Público,24500000.0,1,1978-01-01,1978,1,3,0.9999985297660475,2.2213189180318877e-05
226,COSTA RICA,1970,Sector Privado,2410000.0,5,1970-01-01,1970,1,8,0.9985345542913285,0.011364543265144994
227,EL SALVADOR,1993,Sector Privado,18290000.0,13,1993-01-01,1993,1,1,0.5475448871740091,0.688619309959592
228,HONDURAS,1967,Sector Privado,721300.0,4,1967-01-01,1967,1,0,0.9999828921302152,0.00021279199387515485
229,GUATEMALA,1994,Sector Público,46883400.0,3,1994-01-01,1994,1,5,0.9999395814336998,0.0006580948074102672
230,COSTA RICA,2006,Sector Público,613265400.0,9,2006-01-01,2006,1,1,0.9962737097786236,0.02485926557937643
231,EL SALVADOR,1971,Sector Público,2600000.0,2,1971-01-01,1971,1,9,0.9999973956145437,3.7096608790935685e-05
232,COSTA RICA,2005,Sector Privado,49089300.0,6,2005-01-01,2005,1,1,0.6872471170222428,0.6738855478449459
233,GUATEMALA,1968,Sector Público,5767000.0,2,1968-01-01,1968,1,9,0.9999944042150283,7.6591573864677e-05
234,HONDURAS,1999,Sector Privado,18848000.0,3,1999-01-01,1999,1,5,0.9999565072256537,0.0004996887629870777
235,EL SALVADOR,2018,Sector Público,283500000.0,3,2018-01-01,2018,1,5,0.999967206519124,0.00037171040330520507
236,EL SALVADOR,1984,Sector Público,7600000.0,1,1984-01-01,1984,1,3,0.9999987959895883,1.812493554217658e-05
237,HONDURAS,2013,Sector Público,103000000.0,4,2013-01-01,2013,1,0,0.9997580589512711,0.0022710322766731393
238,HONDURAS,1992,Sector Privado,14705167.0,14,1992-01-01,1992,1,4,0.6789027328261444,0.6276937817645678
239,NICARAGUA,1989,Sector Público,4650000.0,5,1989-01-01,1989,1,8,0.9986917758710777,0.01061241717598796
240,GUATEMALA,1995,Sector Público,12000000.0,3,1995-01-01,1995,1,5,0.9999671627506597,0.00039110456112189404
241,GUATEMALA,2000,Sector Público,52500000.0,2,2000-01-01,2000,1,9,0.9999855117010282,0.00017934384691296534
242,GUATEMALA,2011,Sector Privado,64650000.0,4,2011-01-01,2011,1,0,0.9997434882009443,0.0024065845472299673
243,HONDURAS,1991,Sector Público,54100000.0,8,1991-01-01,1991,1,1,0.9371028798339945,0.2754372623045537
244,GUATEMALA,1973,Sector Público,11361000.0,5,1973-01-01,1973,1,8,0.9989268685201215,0.009284014557209813
245,HONDURAS,2024,Sector Público,476300000.0,3,2024-01-01,2024,1,5,0.9999806910154285,0.00022897117644150918
246,NICARAGUA,1990,Sector Público,30000000.0,3,1990-01-01,1990,1,5,0.9999462372976147,0.0005981985343498931
247,HONDURAS,1977,Sector Privado,3328000.0,6,1977-01-01,1977,1,7,0.9738475573214167,0.13095711417752942
248,COSTA RICA,2019,Sector Público,640055000.0,2,2019-01-01,2019,1,9,0.9999963224852207,4.970236685467185e-05
249,GUATEMALA,1982,Sector Público,36100000.0,3,1982-01-01,1982,1,5,0.9999429387980623,0.000628474012466549
250,COSTA RICA,2007,Sector Público,145000000.0,2,2007-01-01,2007,1,9,0.9999869982201813,0.00015987625662817678
251,EL SALVADOR,1996,Sector Privado,54254000.0,18,1996-01-01,1996,1,4,0.9997993248595238,0.0019091676653220748
252,HONDURAS,2012,Sector Privado,24400000.0,1,2012-01-01,2012,1,3,0.999998530750074,2.2200269861251222e-05
253,CUBA,2022,Sector Público,50000000.0,1,2022-01-01,2022,1,3,0.9999982900834192,2.5113517178743043e-05
254,GUATEMALA,2015,Sector Privado,10000000.0,1,2015-01-01,2015,1,3,0.9999987055899171,1.95218161803399e-05
255,EL SALVADOR,1964,Sector Privado,451500.0,3,1964-01-01,1964,1,5,0.999999772618106,3.853619908964903e-06
256,HONDURAS,2003,Sector Privado,129896660.0,17,2003-01-01,2003,1,4,0.9992914639462395,0.00584680781639844
257,EL SALVADOR,2002,Sector Privado,79080000.0,10,2002-01-01,2002,1,1,0.9465193216864406,0.20869593119207594
258,EL SALVADOR,1975,Sector Público,18320000.0,3,1975-01-01,1975,1,5,0.9999571811721701,0.00049301883959149
259,GUATEMALA,2008,Sector Público,278000000.0,3,2008-01-01,2008,1,5,0.9999666501810374,0.0003774678849784097
260,HONDURAS,1965,Sector Privado,1630467.0,7,1965-01-01,1965,1,7,0.9889718569118995,0.06394454168912708
261,HONDURAS,1981,Sector Privado,5952200.0,4,1981-01-01,1981,1,0,0.999916468224998,0.0009475095505265611
262,HONDURAS,2021,Sector Público,717766365.18,6,2021-01-01,2021,1,2,0.972554265199862,0.12692837086773187
263,HONDURAS,1963,Sector Público,349500.0,2,1963-01-01,1963,1,9,0.9999999591235234,7.41639998836953e-07
264,HONDURAS,1969,Sector Privado,2575300.0,11,1969-01-01,1969,1,1,0.9339460947466286,0.24332533420609567
265,EL SALVADOR,1980,Sector Privado,7480000.0,3,1980-01-01,1980,1,5,0.9999772664794395,0.0002813401963770314
266,COSTA RICA,1970,Sector Público,3021100.0,1,1970-01-01,1970,1,3,0.999999329168454,1.0327005621234833e-05
267,EL SALVADOR,1993,Sector Público,61819000.0,4,1993-01-01,1993,1,0,0.9997435202587547,0.0024080660033850235
268,HONDURAS,1967,Sector Público,1175680.0,3,1967-01-01,1967,1,5,0.999998047900623,2.8789223367416697e-05
269,HONDURAS,1994,Sector Privado,40951800.0,21,1994-01-01,1994,1,4,0.9999996917954976,5.023419214675787e-06
270,EL SALVADOR,1962,Sector Privado,1546000.0,4,1962-01-01,1962,1,0,0.999970384082104,0.0003644346548108845
271,GUATEMALA,1971,Sector Privado,4033000.0,10,1971-01-01,1971,1,1,0.9336714683519514,0.24693901062983548
272,COSTA RICA,2005,Sector Público,416970508.18,7,2005-01-01,2005,1,2,0.8560751194903958,0.4229769388825403
273,HONDURAS,1968,Sector Privado,804800.0,6,1968-01-01,1968,1,7,0.9978899155122746,0.016017608289725517
274,NICARAGUA,1999,Sector Privado,20500000.0,7,1999-01-01,1999,1,7,0.5597690674818638,0.758252380486726
275,EL SALVADOR,2020,Sector Público,615200000.0,4,2020-01-01,2020,1,0,0.9999332727327634,0.0007089598289138472
276,GUATEMALA,1974,Sector Privado,4815000.0,6,1974-01-01,1974,1,7,0.9518386849202998,0.2096098171016033
277,NICARAGUA,2013,Sector Privado,3000000.0,1,2013-01-01,2013,1,3,0.9999993337798613,1.0259808937046259e-05
278,HONDURAS,1992,Sector Público,75072000.0,9,1992-01-01,1992,1,1,0.9706561020047767,0.1363727471827566
279,HONDURAS,1995,Sector Privado,57755000.0,18,1995-01-01,1995,1,4,0.9998135259156058,0.0017877503644453258
280,HONDURAS,2000,Sector Privado,34431050.0,5,2000-01-01,2000,1,8,0.9989818982450487,0.00862536020496344
281,GUATEMALA,2011,Sector Público,119400000.0,1,2011-01-01,2011,1,3,0.9999981178176242,2.689662005637217e-05
282,NICARAGUA,1991,Sector Público,67200000.0,5,1991-01-01,1991,1,8,0.9990096379231727,0.008149797039187789
283,HONDURAS,1973,Sector Privado,6340800.0,10,1973-01-01,1973,1,1,0.9253980360906541,0.26699269992400576
284,NICARAGUA,2024,Sector Público,130000000.0,1,2024-01-01,2024,1,3,0.9999981311921587,2.668937583651725e-05
285,HONDURAS,1977,Sector Público,16790000.0,8,1977-01-01,1977,1,1,0.7561525246340142,0.658014698187151
286,EL SALVADOR,1966,Sector Privado,618400.0,4,1966-01-01,1966,1,0,0.999984803986171,0.00018968051815868522
287,HONDURAS,1982,Sector Privado,500000.0,1,1982-01-01,1982,1,3,0.9999999716054608,5.229258379243692e-07
288,EL SALVADOR,2001,Sector Privado,12800000.0,14,2001-01-01,2001,1,4,0.6545505239522452,0.6445840838088523
289,EL SALVADOR,1996,Sector Público,132163530.0,7,1996-01-01,1996,1,1,0.9130516110065247,0.3594119286541124
290,HONDURAS,2012,Sector Público,356337976.09000003,8,2012-01-01,2012,1,1,0.9785967794799219,0.11980768496533764
291,EL SALVADOR,1987,Sector Público,49800000.0,7,1987-01-01,1987,1,1,0.7479861900878042,0.6197982320324896
292,GUATEMALA,2015,Sector Público,370000000.0,2,2015-01-01,2015,1,9,0.9999931141788602,8.87780880736706e-05
293,EL SALVADOR,1964,Sector Público,1271000.0,2,1964-01-01,1964,1,9,0.9999991189126556,1.3384568145245029e-05
294,HONDURAS,2003,Sector Público,62927243.47,5,2003-01-01,2003,1,8,0.9990025962158664,0.008222944980207814
295,EL SALVADOR,2002,Sector Público,32500000.0,2,2002-01-01,2002,1,9,0.9999870794948332,0.0001636837728924116
296,EL SALVADOR,2009,Sector Privado,1000000.0,1,2009-01-01,2009,1,3,0.9999998653505286,2.2737984433253417e-06
297,HONDURAS,2008,Sector Privado,71900000.0,14,2008-01-01,2008,1,4,0.83318720852013,0.4507963108297254
298,HONDURAS,1965,Sector Público,1431090.0,8,1965-01-01,1965,1,7,0.9401159428019262,0.2397995865924606
299,HONDURAS,1981,Sector Público,29969350.0,9,1981-01-01,1981,1,1,0.9503102105572052,0.2099298890540219
300,NICARAGUA,2021,Sector Privado,8000000.0,1,2021-01-01,2021,1,3,0.9999987763086531,1.842383362176823e-05
301,NICARAGUA,1963,Sector Privado,1044848.57,6,1963-01-01,1963,1,7,0.9965884134778948,0.024254333037461752
302,HONDURAS,1969,Sector Público,11377600.0,7,1969-01-01,1969,1,7,0.7673794864446882,0.5919694840739657
303,EL SALVADOR,1980,Sector Público,56237000.0,9,1980-01-01,1980,1,1,0.9645969048201224,0.15870706998408216
304,COSTA RICA,1972,Sector Privado,3365950.0,7,1972-01-01,1972,1,7,0.9620071974518996,0.17236485978077562
305,EL SALVADOR,2016,Sector Privado,2125000.0,1,2016-01-01,2016,1,3,0.9999995488749392,7.100765408665308e-06
306,NICARAGUA,1967,Sector Privado,5547300.0,8,1967-01-01,1967,1,7,0.6101997434266454,0.759402486235172
307,HONDURAS,1994,Sector Público,34765000.0,7,1994-01-01,1994,1,1,0.6290192455306987,0.7279074958330016
308,EL SALVADOR,1976,Sector Privado,2525000.0,7,1976-01-01,1976,1,7,0.9765274652701369,0.11814637068273184
309,GUATEMALA,1971,Sector Público,8658000.0,4,1971-01-01,1971,1,0,0.9998888189000704,0.0012118848580236514
310,EL SALVADOR,1979,Sector Privado,2416000.0,3,1979-01-01,1979,1,5,0.9999935565693776,8.773748381539715e-05
311,HONDURAS,1968,Sector Público,10752000.0,7,1968-01-01,1968,1,7,0.7834896276708355,0.5695337896018433
312,GUATEMALA,2018,Sector Público,193200000.0,1,2018-01-01,2018,1,3,0.9999982821489042,2.4592416157140484e-05
313,GUATEMALA,1974,Sector Público,10800000.0,5,1974-01-01,1974,1,8,0.9989178256545418,0.009342309137536657
314,NICARAGUA,2013,Sector Público,363545473.0,5,2013-01-01,2013,1,8,0.9991790993117862,0.0072328048205423665
315,NICARAGUA,1992,Sector Privado,900000.0,3,1992-01-01,1992,1,5,0.9999988571415077,1.745835933884049e-05
316,HONDURAS,1995,Sector Público,8000000.0,3,1995-01-01,1995,1,5,0.9999759321359696,0.00029625009205525645
317,HONDURAS,2000,Sector Público,1500000.0,1,2000-01-01,2000,1,3,0.9999997255169694,4.4471709914500395e-06
318,HONDURAS,2011,Sector Público,392236000.0,5,2011-01-01,2011,1,8,0.9991779330663089,0.007244477197071377
319,HONDURAS,1973,Sector Público,12940000.0,4,1973-01-01,1973,1,0,0.9998531519843886,0.0015324652912550134
320,PANAMÁ,2024,Sector Público,240000000.0,1,2024-01-01,2024,1,3,0.9999984202631004,2.272332062611786e-05
321,NICARAGUA,1977,Sector Privado,7800000.0,4,1977-01-01,1977,1,0,0.9998971277766143,0.0011341277002559626
322,EL SALVADOR,1966,Sector Público,6040000.0,5,1966-01-01,1966,1,8,0.9987714262263546,0.010188699634994969
323,HONDURAS,1982,Sector Público,40294000.0,6,1982-01-01,1982,1,1,0.6151020428598288,0.7263743164796186
324,EL SALVADOR,2001,Sector Público,217400000.0,3,2001-01-01,2001,1,5,0.9999596084444771,0.0004496725563692815
325,EL SALVADOR,2025,Sector Público,350000000.0,3,2025-01-01,2025,1,5,0.9999730309544782,0.00031087587625542066
326,NICARAGUA,2012,Sector Público,253044054.79,5,2012-01-01,2012,1,8,0.9992219999898119,0.006796132885912147
327,EL SALVADOR,2022,Sector Privado,60000000.0,1,2022-01-01,2022,1,3,0.9999982226874049,2.5887253262890827e-05
328,HONDURAS,2015,Sector Privado,46000000.0,2,2015-01-01,2015,1,9,0.9999858449811814,0.00017616658129675575
329,EL SALVADOR,2017,Sector Privado,61306842.25,1,2017-01-01,2017,1,3,0.9999982152495007,2.5971539311017966e-05
330,NICARAGUA,2003,Sector Privado,42905100.0,14,2003-01-01,2003,1,4,0.8035015182238359,0.49550980479535417
331,EL SALVADOR,2014,Sector Privado,14250000.0,3,2014-01-01,2014,1,5,0.9999631576326551,0.00043272412514188806
332,EL SALVADOR,2009,Sector Público,293433870.0,2,2009-01-01,2009,1,9,0.9999915202521719,0.0001076006605736183
333,HONDURAS,2008,Sector Público,202006000.0,5,2008-01-01,2008,1,8,0.9992239590015031,0.0066520924977943935
334,NICARAGUA,1965,Sector Privado,3942000.0,6,1965-01-01,1965,1,7,0.9653016115467407,0.16328752369649407
335,NICARAGUA,1981,Sector Privado,4400000.0,1,1981-01-01,1981,1,3,0.9999990829748894,1.3902041629057645e-05
336,NICARAGUA,2021,Sector Público,804903013.99,7,2021-01-01,2021,1,2,0.9417093921170339,0.2242262777865363
337,NICARAGUA,1969,Sector Privado,1015356.0,8,1969-01-01,1969,1,7,0.9663700130329853,0.1540058663909805
338,GUATEMALA,1978,Sector Privado,1700000.0,4,1978-01-01,1978,1,0,0.999968289181234,0.00038947294908614916
339,COSTA RICA,1972,Sector Público,13976200.0,8,1972-01-01,1972,1,1,0.7040762217037353,0.7179209018937726
340,EL SALVADOR,2016,Sector Público,383647251.84,4,2016-01-01,2016,1,0,0.9998890935084249,0.0011223757155090128
341,NICARAGUA,1967,Sector Público,4291000.0,3,1967-01-01,1967,1,5,0.9999867692976646,0.00017122463300433638
342,NICARAGUA,1994,Sector Privado,19003900.0,12,1994-01-01,1994,1,1,0.751225692264817,0.5609845738356743
343,EL SALVADOR,1976,Sector Público,15300000.0,2,1976-01-01,1976,1,9,0.9999903729598993,0.00012721948488794848
344,GUATEMALA,1983,Sector Público,6900000.0,1,1983-01-01,1983,1,3,0.9999988367121182,1.7512851092016183e-05
345,EL SALVADOR,1979,Sector Público,41850000.0,6,1979-01-01,1979,1,1,0.629504063182429,0.7178168606498768
346,NICARAGUA,1968,Sector Privado,534714.0,3,1968-01-01,1968,1,5,0.9999996519863797,5.741019203369795e-06
347,GUATEMALA,2020,Sector Privado,1500000.0,1,2020-01-01,2020,1,3,0.9999997255169694,4.4471709914500395e-06
348,GUATEMALA,1984,Sector Público,1200000.0,1,1984-01-01,1984,1,3,0.9999998111600111,3.127088872930368e-06
349,PANAMÁ,2013,Sector Privado,10000000.0,1,2013-01-01,2013,1,3,0.9999987055899171,1.95218161803399e-05
350,NICARAGUA,1992,Sector Público,63977012.0,9,1992-01-01,1992,1,1,0.9673553312182804,0.14862376416443338
351,NICARAGUA,1995,Sector Privado,7875000.0,4,1995-01-01,1995,1,0,0.9998963847807387,0.0011411353897760007
352,NICARAGUA,2000,Sector Privado,15100000.0,6,2000-01-01,2000,1,7,0.7450339028844436,0.621848121774988
353,NICARAGUA,2011,Sector Privado,72200000.0,2,2011-01-01,2011,1,9,0.9999851546173001,0.00018212109238169703
354,NICARAGUA,1973,Sector Privado,1570671.0,7,1973-01-01,1973,1,7,0.9896722439076736,0.06056272273313335
355,REPÚBLICA DOMINICANA,2024,Sector Público,100000000.0,1,2024-01-01,2024,1,3,0.9999981112691352,2.7059386871193582e-05
356,NICARAGUA,1977,Sector Público,20210000.0,8,1977-01-01,1977,1,1,0.8011695289393476,0.5915597336345192
357,EL SALVADOR,2004,Sector Privado,67500000.0,12,2004-01-01,2004,1,1,0.7218593718103737,0.5911886260127084
358,NICARAGUA,1982,Sector Público,19700000.0,4,1982-01-01,1982,1,0,0.9998126621351118,0.0018756469993227141
359,EL SALVADOR,2007,Sector Privado,120215000.0,8,2007-01-01,2007,1,1,0.9761478755593624,0.12928904188434837
360,GUATEMALA,1996,Sector Privado,75665700.0,23,1996-01-01,1996,1,4,0.9999999870152445,2.502381254703713e-07
361,EL SALVADOR,2022,Sector Público,836000000.0,5,2022-01-01,2022,1,8,0.9995863266360732,0.003924607066960268
362,HONDURAS,2015,Sector Público,212300000.0,2,2015-01-01,2015,1,9,0.9999892811146579,0.0001336170328965329
363,EL SALVADOR,2017,Sector Público,246000000.0,2,2017-01-01,2017,1,9,0.9999902872597457,0.0001219767353945206
364,NICARAGUA,2003,Sector Público,21790000.0,4,2003-01-01,2003,1,0,0.9998031409560616,0.001953625284510221
365,EL SALVADOR,2014,Sector Público,296887500.0,5,2014-01-01,2014,1,8,0.9992025694139274,0.007013219470282808
366,GUATEMALA,1975,Sector Privado,11110000.0,6,1975-01-01,1975,1,7,0.8291542638422044,0.4998290774280588
367,NICARAGUA,2008,Sector Privado,107150000.0,12,2008-01-01,2008,1,1,0.7337138314519539,0.5795298889262237
368,NICARAGUA,1965,Sector Público,2000000.0,1,1965-01-01,1965,1,3,0.9999995831190479,6.591729553418902e-06
369,NICARAGUA,1981,Sector Público,43250000.0,6,1981-01-01,1981,1,1,0.6418141057968136,0.7097529841644982
370,PANAMÁ,2021,Sector Privado,125000000.0,1,2021-01-01,2021,1,3,0.9999981241800672,2.679563373002405e-05
371,NICARAGUA,1969,Sector Público,5720537.0,7,1969-01-01,1969,1,7,0.9114818381277073,0.3222025752648975
372,GUATEMALA,1978,Sector Público,48790000.0,8,1978-01-01,1978,1,1,0.9288455790199405,0.3016645369609354
373,COSTA RICA,2010,Sector Privado,35760000.0,9,2010-01-01,2010,1,1,0.9544179578128525,0.19523897140586244
374,GUATEMALA,1993,Sector Privado,38556600.0,31,1993-01-01,1993,1,6,0.9925692121587516,0.04382974978625668
375,NICARAGUA,1994,Sector Público,75129872.0,9,1994-01-01,1994,1,1,0.9706716499648333,0.13631447917384962
376,EL SALVADOR,1998,Sector Privado,28900000.0,8,1998-01-01,1998,1,1,0.8679748299335706,0.4624485171256609
377,HONDURAS,1971,Sector Privado,6223272.0,20,1971-01-01,1971,1,4,0.999873089431558,0.0012661534346494513
378,EL SALVADOR,1997,Sector Privado,55147400.0,15,1997-01-01,1997,1,4,0.9529299953760132,0.18979596046627017
379,NICARAGUA,1968,Sector Público,4000000.0,1,1968-01-01,1968,1,3,0.999999143957023,1.3017199029584208e-05
380,HONDURAS,2018,Sector Privado,40000000.0,3,2018-01-01,2018,1,5,0.9999414173398613,0.0006421152310625424
381,HONDURAS,1974,Sector Privado,6857000.0,13,1974-01-01,1974,1,1,0.6963196769298519,0.6139504571976575
382,REPÚBLICA DOMINICANA,2013,Sector Público,80200000.0,1,2013-01-01,2013,1,3,0.9999981395123215,2.680422178061659e-05
383,NICARAGUA,1995,Sector Público,15600000.0,4,1995-01-01,1995,1,0,0.9998352207094385,0.0016868571873054862
384,NICARAGUA,2011,Sector Público,90234985.0,5,2011-01-01,2011,1,8,0.9990560936070524,0.00773602146806347
385,NICARAGUA,1973,Sector Público,14255857.0,9,1973-01-01,1973,1,1,0.932215057064955,0.27696309296295946
386,EL SALVADOR,2004,Sector Público,155625000.0,3,2004-01-01,2004,1,5,0.9999505348406803,0.0005413164129340249
387,EL SALVADOR,2007,Sector Público,351500000.0,7,2007-01-01,2007,1,2,0.7768630019720792,0.5516573936329324
388,GUATEMALA,1996,Sector Público,130971000.0,3,1996-01-01,1996,1,5,0.9999464806993194,0.0005820025507144626
389,GUATEMALA,1987,Sector Privado,1200000.0,1,1987-01-01,1987,1,3,0.9999998111600111,3.127088872930368e-06
390,NICARAGUA,2015,Sector Privado,40000000.0,1,2015-01-01,2015,1,3,0.9999983757079176,2.4109742334704668e-05
391,GUATEMALA,1964,Sector Privado,390000.0,2,1964-01-01,1964,1,9,0.99999994377474,1.002515231339652e-06
392,GUATEMALA,2002,Sector Privado,104054179.0,9,2002-01-01,2002,1,1,0.9768923648993976,0.11247212315705246
393,GUATEMALA,1975,Sector Público,16140000.0,5,1975-01-01,1975,1,8,0.9989702597362647,0.00896509234390399
394,NICARAGUA,2008,Sector Público,161893879.0,4,2008-01-01,2008,1,0,0.9997946988451736,0.001954876451555574
395,REPÚBLICA DOMINICANA,2021,Sector Público,410000000.0,2,2021-01-01,2021,1,9,0.9999937882025755,8.071919677428118e-05
396,GUATEMALA,1980,Sector Privado,8200000.0,3,1980-01-01,1980,1,5,0.9999754325806817,0.0003017986447724074
397,COSTA RICA,2010,Sector Público,182693958.0,3,2010-01-01,2010,1,5,0.9999547443846809,0.0004989484062589599
398,GUATEMALA,1993,Sector Público,70800000.0,3,1993-01-01,1993,1,5,0.9999383248555798,0.0006658404226251639
399,EL SALVADOR,1998,Sector Público,177771000.0,3,1998-01-01,1998,1,5,0.9999540041241897,0.0005064143373282116
400,HONDURAS,1971,Sector Público,3475000.0,5,1971-01-01,1971,1,8,0.9986087597376762,0.011031753611883232
401,EL SALVADOR,1997,Sector Público,106908000.0,3,1997-01-01,1997,1,5,0.9999425682497002,0.0006213868465168197
402,HONDURAS,2018,Sector Público,44262590.7,1,2018-01-01,2018,1,3,0.9999983371299704,2.456477916711817e-05
403,HONDURAS,1974,Sector Público,16355000.0,11,1974-01-01,1974,1,1,0.8680001078279976,0.3901719370503762
404,PANAMÁ,2011,Sector Privado,25000000.0,1,2011-01-01,2011,1,3,0.9999985248314576,2.2277699977144363e-05
405,EL SALVADOR,2019,Sector Privado,45000000.0,1,2019-01-01,2019,1,3,0.999998330755767,2.463951275459044e-05
406,GUATEMALA,2001,Sector Privado,29300000.0,3,2001-01-01,2001,1,5,0.9999467014811246,0.000593876939615244
407,GUATEMALA,2025,Sector Privado,115000000.0,2,2025-01-01,2025,1,9,0.9999859902303785,0.00017155963505646683
408,GUATEMALA,1987,Sector Público,26620000.0,5,1987-01-01,1987,1,8,0.9989843086081452,0.008718593491862624
409,NICARAGUA,2015,Sector Público,156016547.10000002,4,2015-01-01,2015,1,0,0.9997910788318075,0.0019860505179824313
410,GUATEMALA,1964,Sector Público,20000.0,1,1964-01-01,1964,1,3,0.9999999999999294,2.2116877716235798e-12
411,GUATEMALA,2002,Sector Público,40467835.0,2,2002-01-01,2002,1,9,0.9999862494133576,0.00017216794352289876
412,GUATEMALA,2009,Sector Privado,2594200.0,4,2009-01-01,2009,1,0,0.9999565783051106,0.0005255366261171856
413,PANAMÁ,2008,Sector Privado,30100000.0,1,2008-01-01,2008,1,3,0.9999984735215712,2.2927740020697586e-05
414,GUATEMALA,1980,Sector Público,33640000.0,8,1980-01-01,1980,1,1,0.8894739036401119,0.4113176151531124
415,COSTA RICA,2023,Sector Público,1000000000.0,3,2023-01-01,2023,1,5,0.9999931744700254,8.801842026469504e-05
416,GUATEMALA,2016,Sector Público,300000000.0,1,2016-01-01,2016,1,3,0.9999985922205915,2.0397707790179183e-05
417,EL SALVADOR,2006,Sector Privado,158210440.0,21,2006-01-01,2006,1,4,0.9999999703374987,5.438139755833718e-07
418,HONDURAS,1983,Sector Público,7560000.0,3,1983-01-01,1983,1,5,0.9999770577709682,0.0002836809249822297
419,EL SALVADOR,2005,Sector Privado,43850000.0,13,2005-01-01,2005,1,4,0.5362514234445822,0.6905165415922749
420,HONDURAS,2020,Sector Privado,111718430.0,4,2020-01-01,2020,1,0,0.9997632290678043,0.0022260470557569907
421,HONDURAS,1984,Sector Público,14100000.0,2,1984-01-01,1984,1,9,0.9999907229190678,0.00012306138536285693
422,EL SALVADOR,2019,Sector Público,531162715.48,5,2019-01-01,2019,1,8,0.9992575063141195,0.006608224671946398
423,GUATEMALA,2001,Sector Público,97651252.0,4,2001-01-01,2001,1,0,0.9997550611888499,0.002297316683037352
424,GUATEMALA,2025,Sector Público,60000000.0,1,2025-01-01,2025,1,3,0.9999982226874049,2.5887253262890827e-05
425,GUATEMALA,2022,Sector Privado,100000000.0,1,2022-01-01,2022,1,3,0.9999981112691352,2.7059386871193582e-05
426,PANAMÁ,2015,Sector Privado,20000000.0,1,2015-01-01,2015,1,3,0.9999985731015644,2.1621679207650526e-05
427,GUATEMALA,2017,Sector Privado,37000000.0,2,2017-01-01,2017,1,9,0.9999865708476681,0.0001689201507505227
428,GUATEMALA,2014,Sector Privado,56607000.0,3,2014-01-01,2014,1,5,0.9999383377257637,0.0006680097607321973
429,GUATEMALA,2009,Sector Público,143121400.0,3,2009-01-01,2009,1,5,0.9999484940190918,0.0005618014713818741
430,HONDURAS,1978,Sector Privado,3250000.0,3,1978-01-01,1978,1,5,0.9999904405937512,0.0001266632033098213
431,EL SALVADOR,1970,Sector Privado,5478600.0,6,1970-01-01,1970,1,7,0.9407290535946343,0.24453926194204645
432,HONDURAS,1993,Sector Privado,11487100.0,13,1993-01-01,1993,1,1,0.6128224020909551,0.6674688350025058
433,EL SALVADOR,2006,Sector Público,275000000.0,3,2006-01-01,2006,1,5,0.9999663413542506,0.0003806602379526002
434,NICARAGUA,1971,Sector Privado,2825000.0,8,1971-01-01,1971,1,7,0.8291625353418888,0.4976243308087454
435,EL SALVADOR,2005,Sector Público,232528347.75,5,2005-01-01,2005,1,8,0.9992270137336547,0.006711580145606835
436,HONDURAS,2020,Sector Público,846779622.95,6,2020-01-01,2020,1,2,0.9713431332301276,0.13104345756232144
437,NICARAGUA,1974,Sector Privado,2800000.0,3,1974-01-01,1974,1,5,0.9999921085641643,0.00010597092597840069
438,GUATEMALA,1966,Sector Privado,4211080.0,14,1966-01-01,1966,1,1,0.6081222355430913,0.6695806274284715
439,GUATEMALA,2007,Sector Privado,567905000.0,19,2007-01-01,2007,1,4,0.9999980505924343,2.7580187181877735e-05
440,HONDURAS,1996,Sector Privado,58400000.0,14,1996-01-01,1996,1,4,0.8230328438507597,0.4667633448142908
441,GUATEMALA,2022,Sector Público,170000000.0,1,2022-01-01,2022,1,3,0.999998217931197,2.5468618031266346e-05
442,PANAMÁ,2015,Sector Público,200000000.0,1,2015-01-01,2015,1,3,0.9999983018433846,2.432512923817768e-05
443,GUATEMALA,2017,Sector Público,100000000.0,1,2017-01-01,2017,1,3,0.9999981112691352,2.7059386871193582e-05
444,GUATEMALA,2014,Sector Público,250000000.0,1,2014-01-01,2014,1,3,0.9999984497844759,2.2324463769426645e-05
445,HONDURAS,1975,Sector Privado,19215089.0,18,1975-01-01,1975,1,4,0.9992004469247776,0.006501222995228158
446,HONDURAS,1978,Sector Público,28080000.0,8,1978-01-01,1978,1,1,0.8634788822059213,0.47248002482590445
447,EL SALVADOR,1970,Sector Público,2397000.0,4,1970-01-01,1970,1,0,0.999959114468775,0.0004966552795796972
448,HONDURAS,1993,Sector Público,86941000.0,9,1993-01-01,1993,1,1,0.9735500556028724,0.12542215469693674
449,GUATEMALA,1962,Sector Privado,190000.0,2,1962-01-01,1962,1,9,0.9999999943089468,1.1435063480078365e-07
450,NICARAGUA,1971,Sector Público,11077486.0,10,1971-01-01,1971,1,1,0.9198298563729238,0.2799524963061396
451,GUATEMALA,1979,Sector Privado,2250000.0,5,1979-01-01,1979,1,8,0.998526290454839,0.011392436950306792
452,NICARAGUA,2018,Sector Público,365114696.0,3,2018-01-01,2018,1,5,0.9999741519392419,0.00029903804727841296
453,NICARAGUA,1974,Sector Público,22287000.0,12,1974-01-01,1974,1,1,0.74282333981122,0.570083028508652
454,GUATEMALA,1966,Sector Público,4352000.0,2,1966-01-01,1966,1,9,0.9999955313335313,6.183516449719663e-05
455,HONDURAS,2001,Sector Privado,8795064.0,5,2001-01-01,2001,1,8,0.9988742304725243,0.009608622563591164
456,HONDURAS,1996,Sector Público,15910000.0,1,1996-01-01,1996,1,3,0.9999986128370704,2.1022396938255603e-05
457,HONDURAS,1987,Sector Público,30478300.0,8,1987-01-01,1987,1,1,0.8759167935101301,0.4441860055135334
458,HONDURAS,1964,Sector Privado,653000.0,3,1964-01-01,1964,1,5,0.9999994383163145,8.985635055452813e-06
459,HONDURAS,2002,Sector Privado,15800000.0,3,2002-01-01,2002,1,5,0.9999607068151163,0.00045770364305382694
460,HONDURAS,1975,Sector Público,26194000.0,10,1975-01-01,1975,1,1,0.9236713052224196,0.26995392919214334
461,HONDURAS,1980,Sector Privado,5642500.0,6,1980-01-01,1980,1,7,0.9378831948852414,0.25308330133327384
462,EL SALVADOR,1972,Sector Privado,301360.0,2,1972-01-01,1972,1,9,0.9999999738909173,4.85235035097859e-07
463,HONDURAS,2016,Sector Privado,40000000.0,1,2016-01-01,2016,1,3,0.9999983757079176,2.4109742334704668e-05
464,GUATEMALA,1976,Sector Privado,6050000.0,4,1976-01-01,1976,1,0,0.999915394286618,0.0009581022840442608
465,NICARAGUA,1983,Sector Público,13280000.0,3,1983-01-01,1983,1,5,0.999964814907287,0.00041562501287080575
466,GUATEMALA,1979,Sector Público,8100000.0,1,1979-01-01,1979,1,3,0.9999987717425773,1.8493521310024605e-05
467,NICARAGUA,2020,Sector Público,698696935.0,4,2020-01-01,2020,1,0,0.9999430149632063,0.0006143726295672956
468,GUATEMALA,2004,Sector Privado,31125000.0,7,2004-01-01,2004,1,1,0.5876114963207951,0.7493047075008253
469,HONDURAS,2001,Sector Público,37425000.0,5,2001-01-01,2001,1,8,0.9989814945375742,0.008590780474055605
470,HONDURAS,2025,Sector Público,465000000.0,2,2025-01-01,2025,1,9,0.9999945749052125,7.122369833790433e-05
471,HONDURAS,2022,Sector Privado,15000000.0,1,2022-01-01,2022,1,3,0.9999986226141786,2.086617217995896e-05
472,HONDURAS,1964,Sector Público,654000.0,2,1964-01-01,1964,1,9,0.9999997816196268,3.6053511399779454e-06
473,HONDURAS,2002,Sector Público,25912285.0,3,2002-01-01,2002,1,5,0.9999492450493912,0.0005699643214391744
474,HONDURAS,2009,Sector Privado,5500000.0,2,2009-01-01,2009,1,9,0.9999945961956723,7.408714131648912e-05
475,HONDURAS,1980,Sector Público,39000000.0,7,1980-01-01,1980,1,1,0.6699457310886473,0.6988163826243345
476,EL SALVADOR,1972,Sector Público,6730000.0,4,1972-01-01,1972,1,0,0.9999080830615061,0.0010294625595270853
477,HONDURAS,2016,Sector Público,62182437.78,2,2016-01-01,2016,1,9,0.9999852357904896,0.00018175301180975464
478,GUATEMALA,1976,Sector Público,27120000.0,5,1976-01-01,1976,1,8,0.998984187013508,0.008711946052916936
479,GUATEMALA,1997,Sector Privado,41337000.0,13,1997-01-01,1997,1,4,0.5323322983207139,0.6910549660024217
480,PANAMÁ,2018,Sector Privado,141000000.0,3,2018-01-01,2018,1,5,0.9999481438171852,0.0005653151136384516
481,GUATEMALA,2004,Sector Público,57635000.0,2,2004-01-01,2004,1,9,0.9999853368645587,0.0001809196613257147
482,HONDURAS,2007,Sector Privado,86852100.0,22,2007-01-01,2007,1,4,0.9999999954202741,9.264205723891026e-08
483,NICARAGUA,1996,Sector Privado,11737565.0,11,1996-01-01,1996,1,1,0.8752652284527124,0.3762555122720327
484,HONDURAS,2022,Sector Público,470000000.0,2,2022-01-01,2022,1,9,0.9999946394437156,7.044002286490658e-05
485,HONDURAS,2017,Sector Privado,30472000.0,1,2017-01-01,2017,1,3,0.9999984697457174,2.2974452980617907e-05
486,HONDURAS,2014,Sector Privado,88700000.0,4,2014-01-01,2014,1,0,0.9997504890665136,0.002337927498096785
487,HONDURAS,2009,Sector Público,90000000.0,1,2009-01-01,2009,1,3,0.9999981201438269,2.6995504320148564e-05
488,NICARAGUA,1978,Sector Privado,1400000.0,3,1978-01-01,1978,1,5,0.999997305607336,3.889765608599347e-05
489,EL SALVADOR,2010,Sector Privado,6325000.0,9,2010-01-01,2010,1,1,0.9035038024352623,0.3814070896733882
490,MÉXICO,2016,Sector Público,150000000.0,1,2016-01-01,2016,1,3,0.9999981691108354,2.614495818802494e-05
491,GUATEMALA,1998,Sector Privado,63237300.0,13,1998-01-01,1998,1,4,0.5549186008935505,0.6871028874356283
492,GUATEMALA,1997,Sector Público,177159773.0,6,1997-01-01,1997,1,1,0.5507991265914219,0.812850377694298
493,PANAMÁ,2018,Sector Público,660000000.0,4,2018-01-01,2018,1,0,0.9999387758409327,0.0006557186950192674
494,GUATEMALA,2019,Sector Privado,60000000.0,1,2019-01-01,2019,1,3,0.9999982226874049,2.5887253262890827e-05
495,HONDURAS,2007,Sector Público,75500000.0,2,2007-01-01,2007,1,9,0.9999851623141667,0.00018188708299932816
496,NICARAGUA,2025,Sector Público,235000000.0,1,2025-01-01,2025,1,3,0.9999984054336241,2.292368360997564e-05
497,NICARAGUA,2022,Sector Público,200000000.0,1,2022-01-01,2022,1,3,0.9999983018433846,2.432512923817768e-05
498,HONDURAS,2017,Sector Público,236834740.0,2,2017-01-01,2017,1,9,0.9999900245065325,0.00012502346262820835
499,HONDURAS,2014,Sector Público,122044117.73,2,2014-01-01,2014,1,9,0.999986214547236,0.00016893917356860407
500,NICARAGUA,1975,Sector Privado,21890000.0,10,1975-01-01,1975,1,1,0.9216286695254781,0.275083246032663
501,NICARAGUA,1978,Sector Público,28471000.0,7,1978-01-01,1978,1,1,0.5531422322990357,0.7611575939804754
502,EL SALVADOR,2010,Sector Público,126540000.0,4,2010-01-01,2010,1,0,0.9997724703041179,0.002146205960564882
503,NICARAGUA,1993,Sector Privado,1500000.0,2,1993-01-01,1993,1,9,0.9999988245445993,1.754807806536086e-05
504,GUATEMALA,1998,Sector Público,314750000.0,9,1998-01-01,1998,1,1,0.9917781050426007,0.04826770813484035
505,GUATEMALA,2005,Sector Privado,105095000.0,11,2005-01-01,2005,1,1,0.8915103293363165,0.34334602740713266
506,PANAMÁ,2020,Sector Público,400000000.0,2,2020-01-01,2020,1,9,0.9999936284833766,8.263488551553626e-05
507,GUATEMALA,2019,Sector Público,285700000.0,1,2019-01-01,2019,1,3,0.999998552577836,2.0934587274840272e-05
508,NICARAGUA,2001,Sector Privado,19350000.0,8,2001-01-01,2001,1,1,0.7912877634405514,0.6074210722320876
509,PANAMÁ,2025,Sector Privado,33200000.0,2,2025-01-01,2025,1,9,0.999986992972244,0.0001645821603075014
510,PANAMÁ,2022,Sector Privado,85000000.0,2,2022-01-01,2022,1,9,0.9999852569494335,0.00018046956580488124
511,NICARAGUA,1964,Sector Privado,1317700.0,6,1964-01-01,1964,1,7,0.9948039163996103,0.03472906142487755
512,NICARAGUA,2002,Sector Privado,50043635.74,18,2002-01-01,2002,1,4,0.9997789994781018,0.002081213846981465
513,NICARAGUA,1975,Sector Público,17184000.0,8,1975-01-01,1975,1,1,0.7622017806913038,0.6499216090496507
514,NICARAGUA,1980,Sector Público,65285000.0,16,1980-01-01,1980,1,4,0.9918639787887015,0.04724892557150137
515,GUATEMALA,1970,Sector Privado,2507184.0,7,1970-01-01,1970,1,7,0.9768080380414291,0.11701943722209016
516,NICARAGUA,1993,Sector Público,66265800.0,8,1993-01-01,1993,1,1,0.9506903306292422,0.22921223400616764
517,GUATEMALA,2006,Sector Privado,377049000.0,28,2006-01-01,2006,1,4,0.9999999999999662,1.0768454942162974e-12
518,GUATEMALA,2005,Sector Público,558270000.0,3,2005-01-01,2005,1,5,0.9999841056220833,0.00019155764072754683
519,REPÚBLICA DOMINICANA,2018,Sector Privado,154000000.0,2,2018-01-01,2018,1,9,0.9999873144227597,0.00015623831837120766
520,HONDURAS,1966,Sector Privado,2200000.0,7,1966-01-01,1966,1,7,0.9814483791791095,0.09782796824800247
521,NICARAGUA,2007,Sector Privado,199125700.0,18,2007-01-01,2007,1,4,0.9999450119539651,0.0005943309957241547
522,PANAMÁ,2025,Sector Público,75000000.0,1,2025-01-01,2025,1,3,0.999998154858981,2.6641563637964072e-05
523,PANAMÁ,2022,Sector Público,145000000.0,1,2022-01-01,2022,1,3,0.9999981583809652,2.6296190423079455e-05
524,NICARAGUA,1964,Sector Público,10052458.0,3,1964-01-01,1964,1,5,0.9999711321182723,0.0003488270223864474
525,NICARAGUA,2002,Sector Público,29138311.95,4,2002-01-01,2002,1,0,0.9997777981527427,0.0021562502820669824
526,NICARAGUA,2009,Sector Privado,21300000.0,9,2009-01-01,2009,1,1,0.9422205165958681,0.23930291543496712
527,GUATEMALA,1970,Sector Público,150000.0,1,1970-01-01,1970,1,3,0.9999999993191402,1.5066163030304304e-08
528,NICARAGUA,2016,Sector Público,379786817.2,6,2016-01-01,2016,1,2,0.9395598631721929,0.23388676230294816
529,HONDURAS,1962,Sector Privado,445000.0,3,1962-01-01,1962,1,5,0.9999997809454647,3.721224550663031e-06
530,HONDURAS,1979,Sector Privado,10475600.0,6,1979-01-01,1979,1,7,0.8425451981245077,0.4758072258887457
531,REPÚBLICA DOMINICANA,2020,Sector Público,30000000.0,1,2020-01-01,2020,1,3,0.9999984745365729,2.291516226440196e-05
532,HONDURAS,1966,Sector Público,11794500.0,6,1966-01-01,1966,1,7,0.8146484460220254,0.5242929125195626
533,NICARAGUA,2007,Sector Público,84769347.0,5,2007-01-01,2007,1,8,0.9990442333555196,0.007834866074629954
534,REGIONAL,2025,Sector Público,37187480.0,1,2025-01-01,2025,1,3,0.999998402591793,2.378955485757459e-05
535,REPÚBLICA DOMINICANA,2022,Sector Público,580000000.0,4,2022-01-01,2022,1,0,0.9999284301603106,0.0007554346446323273
536,NICARAGUA,2017,Sector Privado,10000000.0,1,2017-01-01,2017,1,3,0.9999987055899171,1.95218161803399e-05
537,NICARAGUA,2014,Sector Público,333883194.0,4,2014-01-01,2014,1,0,0.9998741634634184,0.0012576997311908524
538,NICARAGUA,2009,Sector Público,299987137.88,4,2009-01-01,2009,1,0,0.9998622898232646,0.0013640959447254347
539,GUATEMALA,1972,Sector Privado,5580370.0,8,1972-01-01,1972,1,7,0.6078616885802252,0.7609340643438662
540,PANAMÁ,2016,Sector Privado,156000000.0,2,2016-01-01,2016,1,9,0.9999873847521213,0.00015542981050744667
541,HONDURAS,1962,Sector Público,120000.0,1,1962-01-01,1962,1,3,0.9999999997046383,6.781994491512406e-09
542,HONDURAS,1979,Sector Público,39655000.0,8,1979-01-01,1979,1,1,0.9089725225294037,0.35990413029863655
543,HONDURAS,2004,Sector Privado,79846537.0,11,2004-01-01,2004,1,1,0.8819084218856177,0.36310540503060695
544,PANAMÁ,2007,Sector Privado,97033333.33,2,2007-01-01,2007,1,9,0.9999854919426716,0.00017749706795161326
545,REPÚBLICA DOMINICANA,2025,Sector Privado,100000000.0,1,2025-01-01,2025,1,3,0.9999981112691352,2.7059386871193582e-05
546,NICARAGUA,2017,Sector Público,468774000.0,4,2017-01-01,2017,1,0,0.9999092614648785,0.0009363755361045385
547,PANAMÁ,2014,Sector Privado,30000000.0,1,2014-01-01,2014,1,3,0.9999984745365729,2.291516226440196e-05
548,PANAMÁ,2009,Sector Privado,20000000.0,1,2009-01-01,2009,1,3,0.9999985731015644,2.1621679207650526e-05
549,GUATEMALA,1972,Sector Público,9500000.0,2,1972-01-01,1972,1,9,0.999992368216658,0.00010279323430319717
550,PANAMÁ,2016,Sector Público,100000000.0,1,2016-01-01,2016,1,3,0.9999981112691352,2.7059386871193582e-05
551,HONDURAS,1976,Sector Privado,3215000.0,7,1976-01-01,1976,1,7,0.9647855275424915,0.162537406760775
552,HONDURAS,1997,Sector Privado,37947000.0,12,1997-01-01,1997,1,1,0.7241588316139805,0.5889824332626508
553,HONDURAS,2004,Sector Público,117830000.0,4,2004-01-01,2004,1,0,0.999766993522015,0.002193463246551673
554,PANAMÁ,2007,Sector Público,19000000.0,1,2007-01-01,2007,1,3,0.9999985825714854,2.148452080179953e-05
555,REPÚBLICA DOMINICANA,2025,Sector Público,80900000.0,1,2025-01-01,2025,1,3,0.9999981377306807,2.682268731890729e-05
556,PANAMÁ,2017,Sector Privado,20000000.0,1,2017-01-01,2017,1,3,0.9999985731015644,2.1621679207650526e-05
557,GUATEMALA,2010,Sector Privado,71415000.0,4,2010-01-01,2010,1,0,0.9997443286841371,0.002395952457493122
558,REPÚBLICA DOMINICANA,2016,Sector Público,100000000.0,1,2016-01-01,2016,1,3,0.9999981112691352,2.7059386871193582e-05
559,HONDURAS,1976,Sector Público,21441200.0,6,1976-01-01,1976,1,7,0.6217090026991414,0.7279632629299388
560,HONDURAS,1997,Sector Público,4900000.0,1,1997-01-01,1997,1,3,0.9999990168927347,1.4862728403782045e-05
561,HONDURAS,2019,Sector Privado,25000000.0,1,2019-01-01,2019,1,3,0.9999985248314576,2.2277699977144363e-05
562,REPÚBLICA DOMINICANA,2007,Sector Público,50000000.0,1,2007-01-01,2007,1,3,0.9999982900834192,2.5113517178743043e-05
563,PANAMÁ,2017,Sector Público,170000000.0,2,2017-01-01,2017,1,9,0.999987874542262,0.00014980193561694739
564,GUATEMALA,2010,Sector Público,265000000.0,1,2010-01-01,2010,1,3,0.999998493555943,2.173292259108518e-05
565,HONDURAS,1998,Sector Privado,147449550.0,23,1998-01-01,1998,1,4,0.9999999999175921,1.996145877645329e-09
566,HONDURAS,2005,Sector Privado,79705800.0,12,2005-01-01,2005,1,1,0.7247503396997685,0.5884106419571216
567,HONDURAS,2019,Sector Público,143586952.0,2,2019-01-01,2019,1,9,0.9999869487425924,0.00016044607988329764
568,REPÚBLICA DOMINICANA,2017,Sector Público,249600000.0,1,2017-01-01,2017,1,3,0.9999984486080445,2.234035899911844e-05
569,GUATEMALA,2023,Sector Privado,15000000.0,1,2023-01-01,2023,1,3,0.9999986226141786,2.086617217995896e-05
570,HONDURAS,1998,Sector Público,45500000.0,2,1998-01-01,1998,1,9,0.999985876588443,0.00017585854047170456
571,HONDURAS,2005,Sector Público,125272463.49,9,2005-01-01,2005,1,1,0.9800896859679552,0.0997118131375675
572,NICARAGUA,1966,Sector Privado,6725000.0,5,1966-01-01,1966,1,8,0.9988030640623318,0.010014895876509285
573,HONDURAS,1970,Sector Privado,11407500.0,19,1970-01-01,1970,1,4,0.9997249910126008,0.0025305856435979975
574,HONDURAS,2006,Sector Privado,113327000.0,14,2006-01-01,2006,1,4,0.848267542240921,0.4257024777239865
575,NICARAGUA,1979,Sector Privado,11050000.0,6,1979-01-01,1979,1,7,0.8304235664732545,0.4976127682984093
576,NICARAGUA,1966,Sector Público,2722240.0,3,1966-01-01,1966,1,5,0.9999924004607272,0.0001023168957558712
577,HONDURAS,1970,Sector Público,8114500.0,5,1970-01-01,1970,1,8,0.9988543489056363,0.009724776612324567
578,HONDURAS,2006,Sector Público,125300000.05,2,2006-01-01,2006,1,9,0.9999863217434383,0.00016769274436011277
579,NICARAGUA,1979,Sector Público,2750000.0,2,1979-01-01,1979,1,9,0.9999972128107408,3.95487055790931e-05
580,NICARAGUA,2004,Sector Privado,24482000.0,17,2004-01-01,2004,1,4,0.996406900100724,0.023811262018780074
581,HONDURAS,1972,Sector Privado,3962000.0,13,1972-01-01,1972,1,1,0.7871662222451214,0.5176870919036297
582,NICARAGUA,1962,Sector Privado,937200.0,1,1962-01-01,1962,1,3,0.9999998814614685,2.0164394423298825e-06
583,NICARAGUA,1997,Sector Privado,7500000.0,3,1997-01-01,1997,1,5,0.9999772141831696,0.00028192701667139935
584,NICARAGUA,2004,Sector Público,11025000.0,3,2004-01-01,2004,1,5,0.9999690858251965,0.00037075368804436414
585,HONDURAS,1972,Sector Público,2680300.0,8,1972-01-01,1972,1,7,0.841479292664272,0.4746149036261736
586,NICARAGUA,1976,Sector Privado,980000.0,1,1976-01-01,1976,1,3,0.9999998705388239,2.1911314829556867e-06
587,NICARAGUA,2005,Sector Privado,60775872.66,16,2005-01-01,2005,1,4,0.9914218534300945,0.049360679943526074
588,NICARAGUA,2019,Sector Privado,70800000.0,2,2019-01-01,2019,1,9,0.9999851559834191,0.00018217270570981123
589,HONDURAS,2010,Sector Privado,118182669.0,7,2010-01-01,2010,1,1,0.910410934497069,0.35108068958332006
590,NICARAGUA,1976,Sector Público,21360000.0,5,1976-01-01,1976,1,8,0.9989832192703728,0.008805972983659476
591,NICARAGUA,2005,Sector Público,49632000.0,6,2005-01-01,2005,1,1,0.6910325889641746,0.6704556277706665
592,NICARAGUA,2019,Sector Público,585344540.0,2,2019-01-01,2019,1,9,0.999995873263098,5.5299984152484076e-05
593,HONDURAS,2010,Sector Público,356188510.0,3,2010-01-01,2010,1,5,0.9999734979863028,0.0003059494549828036
594,NICARAGUA,1998,Sector Privado,32711300.0,7,1998-01-01,1998,1,1,0.6064377128058596,0.7405574553485634
595,PANAMÁ,2005,Sector Público,20000000.0,1,2005-01-01,2005,1,3,0.9999985731015644,2.1621679207650526e-05
596,PANAMÁ,2019,Sector Privado,50000000.0,1,2019-01-01,2019,1,3,0.9999982900834192,2.5113517178743043e-05
597,HONDURAS,2023,Sector Privado,20000000.0,1,2023-01-01,2023,1,3,0.9999985731015644,2.1621679207650526e-05
598,NICARAGUA,2006,Sector Privado,103330434.0,22,2006-01-01,2006,1,4,0.9999999966698985,6.83407565593125e-08
599,PANAMÁ,2019,Sector Público,134000000.0,2,2019-01-01,2019,1,9,0.9999866160027205,0.00016428449372843956
600,HONDURAS,2023,Sector Público,766988111.14,3,2023-01-01,2023,1,5,0.9999897128395041,0.00012844322139206023
601,NICARAGUA,2006,Sector Público,196218000.0,3,2006-01-01,2006,1,5,0.999956714527119,0.00047903859554591227
602,NICARAGUA,1970,Sector Privado,842236.0,6,1970-01-01,1970,1,7,0.9977045186117479,0.017231954394007674
603,NICARAGUA,1970,Sector Público,9534000.0,6,1970-01-01,1970,1,7,0.8622384884684383,0.4377666322575997
604,NICARAGUA,1972,Sector Privado,3174914.0,8,1972-01-01,1972,1,7,0.7992318200270498,0.5491287648845673
605,NICARAGUA,1972,Sector Público,7834300.0,5,1972-01-01,1972,1,8,0.998845240515823,0.009777207533551277
606,NICARAGUA,2010,Sector Privado,30400000.0,3,2010-01-01,2010,1,5,0.9999459807599143,0.0006005810131475472
607,NICARAGUA,2010,Sector Público,117826951.0,2,2010-01-01,2010,1,9,0.9999860788469358,0.0001705221207549784
608,PANAMÁ,2010,Sector Privado,12790915.0,2,2010-01-01,2010,1,9,0.9999911353239372,0.00011808830013310499
609,REPÚBLICA DOMINICANA,2010,Sector Público,150000000.0,2,2010-01-01,2010,1,9,0.9999871737530325,0.00015785606129472318
610,REPÚBLICA DOMINICANA,2023,Sector Público,908226411.0,3,2023-01-01,2023,1,5,0.9999920397701115,0.00010142799349970735
