_id,Pais,Anio_Origen,Sector_Economico,Monto_Aprobado,CANTIDAD_APROBACIONES,Fecha_Aprobacion,Anio,Mes,Cluster,Outlier_Probability,Distancia_Centroide
1,COSTA RICA,2012,Sector Privado,3000000.0,1,2012-01-01,2012,1,7,1.0,0.2831041466217925
2,ARGENTINA,2022,Sector Público,115000000.0,4,2022-01-01,2022,1,2,1.0,0.42384793378994484
3,ARGENTINA,2015,Sector Público,50000000.0,1,2015-01-01,2015,1,9,1.0,0.11391144317322688
4,ARGENTINA,2017,Sector Público,30000000.0,1,2017-01-01,2017,1,9,1.0,0.3791257241760405
5,COSTA RICA,2003,Sector Privado,54336000.0,12,2003-01-01,2003,1,-1,0.0,0.0
6,BELICE,2014,Sector Público,30000000.0,1,2014-01-01,2014,1,9,1.0,0.3791257241760405
7,BELICE,2009,Sector Público,1905800.0,1,2009-01-01,2009,1,7,1.0,0.04754345858143583
8,COLOMBIA,2008,Sector Privado,5000000.0,1,2008-01-01,2008,1,8,1.0,0.14743751775115244
9,COSTA RICA,1965,Sector Privado,1284100.0,4,1965-01-01,1965,1,-1,0.0,0.0
10,COSTA RICA,1981,Sector Privado,2771000.0,4,1981-01-01,1981,1,-1,0.0,0.0
11,COSTA RICA,1986,Sector Público,3000000.0,1,1986-01-01,1986,1,7,1.0,0.2831041466217925
12,COSTA RICA,1985,Sector Público,6600000.0,2,1985-01-01,1985,1,4,1.0,0.19529164900328455
13,ARGENTINA,2021,Sector Público,150000000.0,3,2021-01-01,2021,1,5,1.0,0.2729111281583497
14,COSTA RICA,1963,Sector Privado,62000.0,2,1963-01-01,1963,1,-1,0.0,0.0
15,COSTA RICA,1969,Sector Privado,604600.0,6,1969-01-01,1969,1,-1,0.0,0.0
16,COSTA RICA,1978,Sector Privado,7735000.0,5,1978-01-01,1978,1,1,1.0,0.39298399015879076
17,ARGENTINA,2023,Sector Público,625000000.0,3,2023-01-01,2023,1,5,0.7406698466411384,0.4680298683279662
18,ARGENTINA,2016,Sector Público,90000000.0,2,2016-01-01,2016,1,6,0.8810763741811215,0.18470011302726996
19,COSTA RICA,1967,Sector Privado,1164600.0,5,1967-01-01,1967,1,-1,0.0,0.0
20,COSTA RICA,1994,Sector Privado,78026000.0,31,1994-01-01,1994,1,-1,0.0,0.0
21,COSTA RICA,1976,Sector Privado,4439000.0,5,1976-01-01,1976,1,1,0.9131467488547144,0.6813024541081945
22,COSTA RICA,1971,Sector Privado,2816075.0,9,1971-01-01,1971,1,-1,0.0,0.0
23,COLOMBIA,2005,Sector Público,71120000.0,2,2005-01-01,2005,1,6,1.0,0.30693818109004845
24,COSTA RICA,1968,Sector Privado,761000.0,3,1968-01-01,1968,1,-1,0.0,0.0
25,COSTA RICA,1999,Sector Privado,18809037.0,5,1999-01-01,1999,1,1,1.0,0.06835663394462987
26,ARGENTINA,2018,Sector Público,32000000.0,1,2018-01-01,2018,1,9,1.0,0.34561813062868885
27,COSTA RICA,1974,Sector Privado,9478100.0,11,1974-01-01,1974,1,-1,0.0,0.0
28,COSTA RICA,2013,Sector Privado,34775000.0,4,2013-01-01,2013,1,2,1.0,0.19711766372979356
29,COSTA RICA,1992,Sector Privado,9200145.0,7,1992-01-01,1992,1,-1,0.0,0.0
30,COSTA RICA,1989,Sector Público,38000000.0,4,1989-01-01,1989,1,2,1.0,0.151072262500791
31,COSTA RICA,1995,Sector Privado,40150000.0,16,1995-01-01,1995,1,-1,0.0,0.0
32,COSTA RICA,2000,Sector Privado,38630000.0,7,2000-01-01,2000,1,0,0.999496912455134,0.11527506284513593
33,COLOMBIA,2011,Sector Público,50000000.0,1,2011-01-01,2011,1,9,1.0,0.11391144317322688
34,COSTA RICA,1991,Sector Privado,4200000.0,1,1991-01-01,1991,1,8,1.0,0.23795960036451924
35,COSTA RICA,1988,Sector Público,23000000.0,5,1988-01-01,1988,1,1,1.0,0.17279471318691111
36,COSTA RICA,1973,Sector Privado,8680000.0,11,1973-01-01,1973,1,-1,0.0,0.0
37,ARGENTINA,2024,Sector Público,230000000.0,1,2024-01-01,2024,1,9,1.0,0.6783979338121432
38,COSTA RICA,1990,Sector Público,28375000.0,4,1990-01-01,1990,1,2,1.0,0.30271534575584297
39,COSTA RICA,1977,Sector Privado,2000000.0,1,1977-01-01,1977,1,7,1.0,0.07259180988677016
40,ARGENTINA,2019,Sector Público,67000000.0,1,2019-01-01,2019,1,9,1.0,0.038038964769151584
41,COSTA RICA,1982,Sector Privado,8500000.0,1,1982-01-01,1982,1,8,1.0,0.12805800434075298
42,COLOMBIA,2007,Sector Privado,136948000.0,1,2007-01-01,2007,1,9,1.0,0.4092106202687815
43,ARGENTINA,2025,Sector Público,127500000.0,2,2025-01-01,2025,1,6,1.0,0.003863626493522676
44,COSTA RICA,2012,Sector Público,350000000.0,4,2012-01-01,2012,1,2,0.8875434192493269,1.0017041714585988
45,BELICE,2022,Sector Público,24000000.0,1,2022-01-01,2022,1,9,1.0,0.49497906649763873
46,COLOMBIA,2015,Sector Público,136000000.0,1,2015-01-01,2015,1,9,1.0,0.40560413300432907
47,COLOMBIA,2017,Sector Público,50000000.0,1,2017-01-01,2017,1,9,1.0,0.11391144317322688
48,COSTA RICA,2003,Sector Público,118330255.46,3,2003-01-01,2003,1,5,1.0,0.3960394604877555
49,COLOMBIA,2014,Sector Público,50000000.0,1,2014-01-01,2014,1,9,1.0,0.11391144317322688
50,COSTA RICA,1975,Sector Privado,5828000.0,4,1975-01-01,1975,1,2,0.96818172139109,1.1245032364337784
51,COSTA RICA,2008,Sector Privado,27000000.0,11,2008-01-01,2008,1,-1,0.0,0.0
52,COSTA RICA,1965,Sector Público,2000000.0,2,1965-01-01,1965,1,-1,0.0,0.0
53,COSTA RICA,1981,Sector Público,19000000.0,4,1981-01-01,1981,1,2,1.0,0.5109456133813545
54,EL SALVADOR,1986,Sector Privado,400000.0,1,1986-01-01,1986,1,-1,0.0,0.0
55,EL SALVADOR,1985,Sector Público,1980000.0,1,1985-01-01,1985,1,7,1.0,0.06737380357831557
56,COSTA RICA,2021,Sector Público,580000000.0,2,2021-01-01,2021,1,6,0.6267101085863502,0.7826596366276798
57,EL SALVADOR,1963,Sector Privado,2426600.0,5,1963-01-01,1963,1,1,0.9203947813973995,0.9948594416761125
58,COSTA RICA,1969,Sector Público,13134000.0,10,1969-01-01,1969,1,-1,0.0,0.0
59,COSTA RICA,1978,Sector Público,37020000.0,7,1978-01-01,1978,1,0,0.999496912455134,0.10501965778168673
60,BELICE,2010,Sector Público,10667410.0,2,2010-01-01,2010,1,4,1.0,0.05398252744779558
61,COSTA RICA,1993,Sector Privado,25000000.0,20,1993-01-01,1993,1,-1,0.0,0.0
62,COSTA RICA,1967,Sector Público,5990000.0,2,1967-01-01,1967,1,4,1.0,0.24564153114742804
63,COSTA RICA,1994,Sector Público,65784244.0,11,1994-01-01,1994,1,-1,0.0,0.0
64,COSTA RICA,1976,Sector Público,37043000.0,9,1976-01-01,1976,1,0,1.0,0.30685301985021396
65,COSTA RICA,1971,Sector Público,6200000.0,3,1971-01-01,1971,1,3,1.0,0.42830017890984906
66,COSTA RICA,1979,Sector Privado,12000000.0,4,1979-01-01,1979,1,2,0.96818172139109,0.7495290471443623
67,COSTA RICA,1968,Sector Público,3022000.0,5,1968-01-01,1968,1,1,0.9131467488547144,0.8809353279841756
68,COSTA RICA,1999,Sector Público,73333101.0,4,1999-01-01,1999,1,2,1.0,0.19025506790928487
69,ARGENTINA,2020,Sector Público,50000000.0,1,2020-01-01,2020,1,9,1.0,0.11391144317322688
70,COSTA RICA,1974,Sector Público,40330000.0,18,1974-01-01,1974,1,-1,0.0,0.0
71,COSTA RICA,2013,Sector Público,515000000.0,4,2013-01-01,2013,1,2,0.8875434192493269,1.2022319111752695
72,COSTA RICA,1992,Sector Público,45965600.0,6,1992-01-01,1992,1,0,0.999496912455134,0.3344650746093576
73,EL SALVADOR,1989,Sector Público,12000000.0,3,1989-01-01,1989,1,3,1.0,0.08545092158016393
74,COSTA RICA,1995,Sector Público,60035316.0,5,1995-01-01,1995,1,1,0.9678779542871038,0.6709233349185557
75,COSTA RICA,2000,Sector Público,74091406.0,4,2000-01-01,2000,1,2,1.0,0.1955961874554451
76,COSTA RICA,2011,Sector Privado,31000000.0,5,2011-01-01,2011,1,1,1.0,0.32776854134218514
77,COSTA RICA,1991,Sector Público,32700000.0,3,1991-01-01,1991,1,3,0.7174620879112737,0.43501814647370574
78,EL SALVADOR,1988,Sector Público,16740000.0,4,1988-01-01,1988,1,2,1.0,0.5766944340486186
79,COSTA RICA,1973,Sector Público,25900000.0,8,1973-01-01,1973,1,0,1.0,0.17850936153876135
80,COSTA RICA,2024,Sector Público,770000000.0,1,2024-01-01,2024,1,-1,0.0,0.0
81,EL SALVADOR,1990,Sector Público,37670000.0,5,1990-01-01,1990,1,1,1.0,0.428946149497326
82,COSTA RICA,1977,Sector Público,18760000.0,5,1977-01-01,1977,1,1,1.0,0.067001293830832
83,COSTA RICA,1966,Sector Privado,3118500.0,6,1966-01-01,1966,1,-1,0.0,0.0
84,COSTA RICA,1982,Sector Público,8000000.0,2,1982-01-01,1982,1,4,1.0,0.09541457722092594
85,COLOMBIA,2007,Sector Público,50000000.0,1,2007-01-01,2007,1,9,1.0,0.11391144317322688
86,COLOMBIA,2025,Sector Público,75000000.0,1,2025-01-01,2025,1,9,0.9999999939057614,0.09660097663176204
87,EL SALVADOR,2012,Sector Privado,18000000.0,3,2012-01-01,2012,1,3,1.0,0.12506148726420055
88,COLOMBIA,2022,Sector Público,250000000.0,1,2022-01-01,2022,1,9,1.0,0.7216886242547184
89,COSTA RICA,2015,Sector Privado,73000000.0,4,2015-01-01,2015,1,2,1.0,0.18789138974322767
90,COSTA RICA,1964,Sector Privado,1123435.0,6,1964-01-01,1964,1,-1,0.0,0.0
91,EL SALVADOR,2003,Sector Privado,29976300.0,13,2003-01-01,2003,1,-1,0.0,0.0
92,COSTA RICA,2002,Sector Privado,70164000.0,13,2002-01-01,2002,1,-1,0.0,0.0
93,COSTA RICA,1975,Sector Público,26066000.0,9,1975-01-01,1975,1,0,1.0,0.335733816887836
94,COSTA RICA,2008,Sector Público,172390000.0,5,2008-01-01,2008,1,-1,0.0,0.0
95,EL SALVADOR,1965,Sector Privado,5096700.0,7,1965-01-01,1965,1,-1,0.0,0.0
96,EL SALVADOR,1981,Sector Privado,481100.0,2,1981-01-01,1981,1,-1,0.0,0.0
97,EL SALVADOR,1986,Sector Público,13000000.0,1,1986-01-01,1986,1,9,0.6949176934108424,0.8132952379753231
98,GUATEMALA,1985,Sector Público,8000000.0,1,1985-01-01,1985,1,8,1.0,0.09658246120502367
99,EL SALVADOR,2021,Sector Privado,20000000.0,1,2021-01-01,2021,1,9,1.0,0.5896381387891556
100,EL SALVADOR,1963,Sector Público,20000.0,1,1963-01-01,1963,1,-1,0.0,0.0
101,EL SALVADOR,1969,Sector Privado,3610130.0,9,1969-01-01,1969,1,-1,0.0,0.0
102,COSTA RICA,1980,Sector Privado,5761288.0,6,1980-01-01,1980,1,-1,0.0,0.0
103,BELICE,2023,Sector Público,2500000.0,1,2023-01-01,2023,1,7,1.0,0.188445104616201
104,COSTA RICA,1993,Sector Público,21750000.0,4,1993-01-01,1993,1,2,1.0,0.44076455910844853
105,EL SALVADOR,1967,Sector Privado,986000.0,4,1967-01-01,1967,1,-1,0.0,0.0
106,EL SALVADOR,1994,Sector Privado,24313000.0,17,1994-01-01,1994,1,-1,0.0,0.0
107,COSTA RICA,1998,Sector Privado,84786168.0,24,1998-01-01,1998,1,-1,0.0,0.0
108,COSTA RICA,1983,Sector Privado,1800000.0,1,1983-01-01,1983,1,7,1.0,0.01788997407143178
109,COSTA RICA,1979,Sector Público,33110000.0,9,1979-01-01,1979,1,0,1.0,0.3047105973405272
110,EL SALVADOR,1968,Sector Privado,1525700.0,5,1968-01-01,1968,1,-1,0.0,0.0
111,EL SALVADOR,1999,Sector Privado,61619477.0,6,1999-01-01,1999,1,0,0.9989711037802022,0.4259223559369196
112,COSTA RICA,2018,Sector Público,530284067.0,3,2018-01-01,2018,1,5,0.5452869649332224,0.38270720886374954
113,COSTA RICA,1984,Sector Público,1650000.0,1,1984-01-01,1984,1,7,1.0,0.02728522059660987
114,EL SALVADOR,2013,Sector Público,199208600.0,4,2013-01-01,2013,1,-1,0.0,0.0
115,EL SALVADOR,1992,Sector Privado,14000000.0,3,1992-01-01,1992,1,3,1.0,0.005417818845667777
116,GUATEMALA,1989,Sector Privado,99000.0,1,1989-01-01,1989,1,-1,0.0,0.0
117,EL SALVADOR,1995,Sector Privado,71513548.0,13,1995-01-01,1995,1,-1,0.0,0.0
118,EL SALVADOR,2000,Sector Privado,7830000.0,1,2000-01-01,2000,1,8,1.0,0.0854308174605175
119,COSTA RICA,2011,Sector Público,499000000.0,3,2011-01-01,2011,1,5,0.6441942254123584,0.35113710709119483
120,EL SALVADOR,1991,Sector Público,1000000.0,1,1991-01-01,1991,1,7,1.0,0.28728129506305944
121,HONDURAS,1988,Sector Público,37600000.0,10,1988-01-01,1988,1,-1,0.0,0.0
122,EL SALVADOR,1973,Sector Privado,9430000.0,8,1973-01-01,1973,1,-1,0.0,0.0
123,EL SALVADOR,2024,Sector Público,263900000.0,2,2024-01-01,2024,1,6,0.7343621928583526,0.3738213455255869
124,GUATEMALA,1990,Sector Privado,15220600.0,2,1990-01-01,1990,1,4,1.0,0.23853107765280768
125,EL SALVADOR,1977,Sector Público,14100000.0,2,1977-01-01,1977,1,4,1.0,0.19882622731201388
126,COSTA RICA,1966,Sector Público,4700000.0,1,1966-01-01,1966,1,8,1.0,0.17956244842805902
127,EL SALVADOR,1982,Sector Privado,2000000.0,3,1982-01-01,1982,1,-1,0.0,0.0
128,COSTA RICA,2001,Sector Privado,31000000.0,4,2001-01-01,2001,1,2,1.0,0.25677829573103284
129,COSTA RICA,1996,Sector Privado,35521099.0,21,1996-01-01,1996,1,-1,0.0,0.0
130,EL SALVADOR,2012,Sector Público,193161825.0,3,2012-01-01,2012,1,5,1.0,0.14161223206460383
131,COSTA RICA,1987,Sector Privado,1000000.0,1,1987-01-01,1987,1,7,1.0,0.28728129506305944
132,COSTA RICA,2015,Sector Público,202587964.87,2,2015-01-01,2015,1,6,0.7430117139386496,0.23655021348924776
133,COSTA RICA,1964,Sector Público,1163000.0,2,1964-01-01,1964,1,-1,0.0,0.0
134,EL SALVADOR,2003,Sector Público,143500000.0,3,2003-01-01,2003,1,5,1.0,0.29591126948144475
135,COSTA RICA,2002,Sector Público,280000000.0,6,2002-01-01,2002,1,-1,0.0,0.0
136,COSTA RICA,2009,Sector Privado,32900000.0,5,2009-01-01,2009,1,1,1.0,0.35865264524602736
137,EL SALVADOR,2008,Sector Privado,15261000.0,3,2008-01-01,2008,1,3,1.0,0.039358583999136665
138,EL SALVADOR,1965,Sector Público,1066000.0,2,1965-01-01,1965,1,-1,0.0,0.0
139,EL SALVADOR,1981,Sector Público,9200000.0,4,1981-01-01,1981,1,2,0.96818172139109,0.8874788012178063
140,HONDURAS,1986,Sector Público,16675000.0,6,1986-01-01,1986,1,-1,0.0,0.0
141,HONDURAS,1985,Sector Público,9150000.0,2,1985-01-01,1985,1,4,0.880825386752989,0.025681296127956776
142,EL SALVADOR,2021,Sector Público,864700000.0,3,2021-01-01,2021,1,5,0.6199124036432506,0.6365742190341173
143,GUATEMALA,1963,Sector Privado,3327500.0,11,1963-01-01,1963,1,-1,0.0,0.0
144,EL SALVADOR,1969,Sector Público,7250000.0,3,1969-01-01,1969,1,3,1.0,0.3470721736125073
145,COSTA RICA,1980,Sector Público,20970000.0,7,1980-01-01,1980,1,-1,0.0,0.0
146,COLOMBIA,2010,Sector Privado,35321000.0,1,2010-01-01,2010,1,9,1.0,0.2943526297850897
147,COSTA RICA,2016,Sector Privado,50000000.0,1,2016-01-01,2016,1,9,1.0,0.11391144317322688
148,GUATEMALA,1967,Sector Privado,292000.0,2,1967-01-01,1967,1,-1,0.0,0.0
149,EL SALVADOR,1994,Sector Público,144238000.0,9,1994-01-01,1994,1,-1,0.0,0.0
150,COSTA RICA,1998,Sector Público,56698182.0,3,1998-01-01,1998,1,-1,0.0,0.0
151,COSTA RICA,1983,Sector Público,15402200.0,3,1983-01-01,1983,1,3,1.0,0.04414019785478543
152,COSTA RICA,1997,Sector Privado,26300000.0,13,1997-01-01,1997,1,-1,0.0,0.0
153,EL SALVADOR,1968,Sector Público,7900000.0,2,1968-01-01,1968,1,4,1.0,0.10194532311758309
154,GUATEMALA,1999,Sector Privado,56093000.0,10,1999-01-01,1999,1,-1,0.0,0.0
155,COSTA RICA,2020,Sector Privado,6000000.0,1,2020-01-01,2020,1,8,1.0,0.05277845843932005
156,EL SALVADOR,1974,Sector Privado,8070000.0,6,1974-01-01,1974,1,-1,0.0,0.0
157,GUATEMALA,2013,Sector Privado,18750000.0,1,2013-01-01,2013,1,9,1.0,0.6231457316875242
158,EL SALVADOR,1992,Sector Público,36800000.0,4,1992-01-01,1992,1,2,1.0,0.16773211445608593
159,GUATEMALA,1989,Sector Público,7000000.0,3,1989-01-01,1989,1,3,1.0,0.365291146304243
160,EL SALVADOR,1995,Sector Público,21150000.0,2,1995-01-01,1995,1,-1,0.0,0.0
161,EL SALVADOR,2000,Sector Público,80000000.0,2,2000-01-01,2000,1,6,1.0,0.24585159429526315
162,EL SALVADOR,2011,Sector Privado,53625000.0,5,2011-01-01,2011,1,1,0.9761946050572378,0.6122979212923256
163,GUATEMALA,1991,Sector Privado,6500000.0,1,1991-01-01,1991,1,8,1.0,0.011221290334547884
164,EL SALVADOR,1973,Sector Público,6560000.0,3,1973-01-01,1973,1,3,1.0,0.3989965593627708
165,GUATEMALA,1961,Sector Privado,275000.0,1,1961-01-01,1961,1,-1,0.0,0.0
166,GUATEMALA,1990,Sector Público,28600000.0,4,1990-01-01,1990,1,2,1.0,0.2986146772237013
167,GUATEMALA,1977,Sector Privado,3000000.0,1,1977-01-01,1977,1,7,1.0,0.2831041466217925
168,COSTA RICA,2004,Sector Privado,34790000.0,9,2004-01-01,2004,1,0,1.0,0.30428461230149134
169,EL SALVADOR,1982,Sector Público,17800000.0,2,1982-01-01,1982,1,4,1.0,0.31980919537135877
170,COSTA RICA,2001,Sector Público,130853800.0,3,2001-01-01,2001,1,5,1.0,0.34380858434927797
171,COSTA RICA,1996,Sector Público,67254960.0,8,1996-01-01,1996,1,-1,0.0,0.0
172,GUATEMALA,2012,Sector Privado,86288817.45,5,2012-01-01,2012,1,1,0.9761946050572378,0.8592674427029356
173,COSTA RICA,1987,Sector Público,17200000.0,6,1987-01-01,1987,1,-1,0.0,0.0
174,EL SALVADOR,2015,Sector Privado,90000000.0,5,2015-01-01,2015,1,1,0.9761946050572378,0.8811302514331674
175,COSTA RICA,2017,Sector Privado,1350000.0,1,2017-01-01,2017,1,7,1.0,0.1314708710599477
176,GUATEMALA,2003,Sector Privado,47050000.0,10,2003-01-01,2003,1,-1,0.0,0.0
177,COSTA RICA,2014,Sector Privado,21000000.0,4,2014-01-01,2014,1,2,1.0,0.45898353350523413
178,COSTA RICA,2009,Sector Público,343538203.07,6,2009-01-01,2009,1,-1,0.0,0.0
179,EL SALVADOR,2008,Sector Público,284605000.0,5,2008-01-01,2008,1,-1,0.0,0.0
180,GUATEMALA,1965,Sector Privado,1751090.0,7,1965-01-01,1965,1,-1,0.0,0.0
181,GUATEMALA,1981,Sector Privado,6300000.0,4,1981-01-01,1981,1,2,0.96818172139109,1.0840711282864444
182,GUATEMALA,2021,Sector Privado,7000000.0,1,2021-01-01,2021,1,8,1.0,0.027254638114373453
183,GUATEMALA,1963,Sector Público,107000.0,1,1963-01-01,1963,1,-1,0.0,0.0
184,GUATEMALA,1969,Sector Privado,1915000.0,4,1969-01-01,1969,1,-1,0.0,0.0
185,EL SALVADOR,1978,Sector Privado,11020000.0,12,1978-01-01,1978,1,-1,0.0,0.0
186,COLOMBIA,2023,Sector Público,250000000.0,1,2023-01-01,2023,1,9,1.0,0.7216886242547184
187,COSTA RICA,2016,Sector Público,291842413.0,3,2016-01-01,2016,1,5,0.8344711096068889,0.07264901382300226
188,GUATEMALA,1967,Sector Público,6433000.0,2,1967-01-01,1967,1,4,1.0,0.20859772558241485
189,GUATEMALA,1994,Sector Privado,37259235.0,23,1994-01-01,1994,1,-1,0.0,0.0
190,COSTA RICA,2006,Sector Privado,135600000.0,19,2006-01-01,2006,1,-1,0.0,0.0
191,EL SALVADOR,1971,Sector Privado,2257157.14,7,1971-01-01,1971,1,-1,0.0,0.0
192,COSTA RICA,1997,Sector Público,92407500.0,3,1997-01-01,1997,1,5,0.5770107837020735,0.5244196557970421
193,GUATEMALA,1968,Sector Privado,1657000.0,5,1968-01-01,1968,1,1,0.9203947813973995,1.1929202232329195
194,GUATEMALA,1999,Sector Público,87274200.0,5,1999-01-01,1999,1,1,0.9761946050572378,0.8651627517293219
195,COSTA RICA,2020,Sector Público,699160000.0,2,2020-01-01,2020,1,-1,0.0,0.0
196,EL SALVADOR,1974,Sector Público,4750000.0,5,1974-01-01,1974,1,1,1.0,0.6461454234179576
197,HONDURAS,2013,Sector Privado,56802700.0,2,2013-01-01,2013,1,6,0.9204522788357208,0.42364360611258794
198,GUATEMALA,1992,Sector Privado,11660000.0,7,1992-01-01,1992,1,-1,0.0,0.0
199,HONDURAS,1989,Sector Público,48000000.0,4,1989-01-01,1989,1,2,1.0,0.029782350506793398
200,GUATEMALA,1995,Sector Privado,98925000.0,36,1995-01-01,1995,1,-1,0.0,0.0
201,GUATEMALA,2000,Sector Privado,23500000.0,4,2000-01-01,2000,1,2,1.0,0.40058637104825945
202,EL SALVADOR,2011,Sector Público,232212173.8,4,2011-01-01,2011,1,2,0.8875434192493269,0.7886910560920859
203,GUATEMALA,1991,Sector Público,5200000.0,2,1991-01-01,1991,1,4,1.0,0.31907165543991023
204,GUATEMALA,1973,Sector Privado,7391620.0,7,1973-01-01,1973,1,-1,0.0,0.0
205,GUATEMALA,2024,Sector Privado,19000000.0,2,2024-01-01,2024,1,4,0.9647546084596607,0.35368125817551066
206,HONDURAS,1990,Sector Público,58900000.0,9,1990-01-01,1990,1,-1,0.0,0.0
207,GUATEMALA,1977,Sector Público,11800000.0,5,1977-01-01,1977,1,1,0.9376875372596327,0.17370825538754164
208,COSTA RICA,2004,Sector Público,147000000.0,3,2004-01-01,2004,1,5,1.0,0.2834001215643487
209,GUATEMALA,1982,Sector Privado,500000.0,1,1982-01-01,1982,1,-1,0.0,0.0
210,COSTA RICA,2007,Sector Privado,505200000.0,23,2007-01-01,2007,1,-1,0.0,0.0
211,COSTA RICA,2025,Sector Público,815000000.0,2,2025-01-01,2025,1,-1,0.0,0.0
212,GUATEMALA,2012,Sector Público,280000000.0,1,2012-01-01,2012,1,9,1.0,0.7805274629174291
213,COSTA RICA,2022,Sector Público,1190000000.0,3,2022-01-01,2022,1,-1,0.0,0.0
214,EL SALVADOR,2015,Sector Público,250521814.0,5,2015-01-01,2015,1,-1,0.0,0.0
215,COSTA RICA,2017,Sector Público,214410000.0,3,2017-01-01,2017,1,5,1.0,0.08742890872104714
216,GUATEMALA,2003,Sector Público,52600000.0,2,2003-01-01,2003,1,6,1.0,0.4635523765896925
217,COSTA RICA,2014,Sector Público,308000000.0,4,2014-01-01,2014,1,2,0.8875434192493269,0.9353346807411811
218,EL SALVADOR,1975,Sector Privado,3120000.0,4,1975-01-01,1975,1,-1,0.0,0.0
219,GUATEMALA,2008,Sector Privado,97894000.0,15,2008-01-01,2008,1,-1,0.0,0.0
220,GUATEMALA,1965,Sector Público,437000.0,1,1965-01-01,1965,1,-1,0.0,0.0
221,GUATEMALA,1981,Sector Público,19189000.0,4,1981-01-01,1981,1,2,1.0,0.5058065818805666
222,HONDURAS,2021,Sector Privado,2500000.0,1,2021-01-01,2021,1,7,1.0,0.188445104616201
223,HONDURAS,1963,Sector Privado,3767400.0,7,1963-01-01,1963,1,-1,0.0,0.0
224,GUATEMALA,1969,Sector Público,5450000.0,3,1969-01-01,1969,1,3,0.8002346395696885,0.49524092649285845
225,EL SALVADOR,1978,Sector Público,24500000.0,1,1978-01-01,1978,1,9,0.900245513776053,0.4842737903856793
226,COSTA RICA,1970,Sector Privado,2410000.0,5,1970-01-01,1970,1,1,0.9372597350731884,0.9984233266707936
227,EL SALVADOR,1993,Sector Privado,18290000.0,13,1993-01-01,1993,1,-1,0.0,0.0
228,HONDURAS,1967,Sector Privado,721300.0,4,1967-01-01,1967,1,-1,0.0,0.0
229,GUATEMALA,1994,Sector Público,46883400.0,3,1994-01-01,1994,1,3,0.6338685889745357,0.622075480784148
230,COSTA RICA,2006,Sector Público,613265400.0,9,2006-01-01,2006,1,-1,0.0,0.0
231,EL SALVADOR,1971,Sector Público,2600000.0,2,1971-01-01,1971,1,-1,0.0,0.0
232,COSTA RICA,2005,Sector Privado,49089300.0,6,2005-01-01,2005,1,0,0.999496912455134,0.3513381027614873
233,GUATEMALA,1968,Sector Público,5767000.0,2,1968-01-01,1968,1,4,1.0,0.2653391894294148
234,HONDURAS,1999,Sector Privado,18848000.0,3,1999-01-01,1999,1,3,1.0,0.14896230911254912
235,EL SALVADOR,2018,Sector Público,283500000.0,3,2018-01-01,2018,1,5,0.8344711096068889,0.057591614352293874
236,EL SALVADOR,1984,Sector Público,7600000.0,1,1984-01-01,1984,1,8,1.0,0.06995162639839081
237,HONDURAS,2013,Sector Público,103000000.0,4,2013-01-01,2013,1,2,1.0,0.366631839472847
238,HONDURAS,1992,Sector Privado,14705167.0,14,1992-01-01,1992,1,-1,0.0,0.0
239,NICARAGUA,1989,Sector Público,4650000.0,5,1989-01-01,1989,1,1,0.9516201867885163,0.6571923807646811
240,GUATEMALA,1995,Sector Público,12000000.0,3,1995-01-01,1995,1,3,1.0,0.08545092158016393
241,GUATEMALA,2000,Sector Público,52500000.0,2,2000-01-01,2000,1,6,1.0,0.4645403645348284
242,GUATEMALA,2011,Sector Privado,64650000.0,4,2011-01-01,2011,1,2,1.0,0.12482498920637503
243,HONDURAS,1991,Sector Público,54100000.0,8,1991-01-01,1991,1,-1,0.0,0.0
244,GUATEMALA,1973,Sector Público,11361000.0,5,1973-01-01,1973,1,1,1.0,0.1933922588148475
245,HONDURAS,2024,Sector Público,476300000.0,3,2024-01-01,2024,1,5,0.7406698466411384,0.3269646770817456
246,NICARAGUA,1990,Sector Público,30000000.0,3,1990-01-01,1990,1,3,0.7174620879112737,0.39027576365201544
247,HONDURAS,1977,Sector Privado,3328000.0,6,1977-01-01,1977,1,-1,0.0,0.0
248,COSTA RICA,2019,Sector Público,640055000.0,2,2019-01-01,2019,1,6,0.6267101085863502,0.833813109416539
249,GUATEMALA,1982,Sector Público,36100000.0,3,1982-01-01,1982,1,3,0.7174620879112737,0.48637502556016443
250,COSTA RICA,2007,Sector Público,145000000.0,2,2007-01-01,2007,1,6,1.0,0.0629129102263456
251,EL SALVADOR,1996,Sector Privado,54254000.0,18,1996-01-01,1996,1,-1,0.0,0.0
252,HONDURAS,2012,Sector Privado,24400000.0,1,2012-01-01,2012,1,9,0.9168759082966182,0.4863972595917587
253,CUBA,2022,Sector Público,50000000.0,1,2022-01-01,2022,1,9,1.0,0.11391144317322688
254,GUATEMALA,2015,Sector Privado,10000000.0,1,2015-01-01,2015,1,8,0.9075962455273585,0.21243579487349679
255,EL SALVADOR,1964,Sector Privado,451500.0,3,1964-01-01,1964,1,-1,0.0,0.0
256,HONDURAS,2003,Sector Privado,129896660.0,17,2003-01-01,2003,1,-1,0.0,0.0
257,EL SALVADOR,2002,Sector Privado,79080000.0,10,2002-01-01,2002,1,-1,0.0,0.0
258,EL SALVADOR,1975,Sector Público,18320000.0,3,1975-01-01,1975,1,3,1.0,0.13421040223498235
259,GUATEMALA,2008,Sector Público,278000000.0,3,2008-01-01,2008,1,5,0.818452166282005,0.047420206795616426
260,HONDURAS,1965,Sector Privado,1630467.0,7,1965-01-01,1965,1,-1,0.0,0.0
261,HONDURAS,1981,Sector Privado,5952200.0,4,1981-01-01,1981,1,2,0.96818172139109,1.1135551254938478
262,HONDURAS,2021,Sector Público,717766365.18,6,2021-01-01,2021,1,-1,0.0,0.0
263,HONDURAS,1963,Sector Público,349500.0,2,1963-01-01,1963,1,-1,0.0,0.0
264,HONDURAS,1969,Sector Privado,2575300.0,11,1969-01-01,1969,1,-1,0.0,0.0
265,EL SALVADOR,1980,Sector Privado,7480000.0,3,1980-01-01,1980,1,3,1.0,0.330857262668351
266,COSTA RICA,1970,Sector Público,3021100.0,1,1970-01-01,1970,1,7,1.0,0.2867429826625778
267,EL SALVADOR,1993,Sector Público,61819000.0,4,1993-01-01,1993,1,2,1.0,0.10157715113132043
268,HONDURAS,1967,Sector Público,1175680.0,3,1967-01-01,1967,1,-1,0.0,0.0
269,HONDURAS,1994,Sector Privado,40951800.0,21,1994-01-01,1994,1,-1,0.0,0.0
270,EL SALVADOR,1962,Sector Privado,1546000.0,4,1962-01-01,1962,1,-1,0.0,0.0
271,GUATEMALA,1971,Sector Privado,4033000.0,10,1971-01-01,1971,1,-1,0.0,0.0
272,COSTA RICA,2005,Sector Público,416970508.18,7,2005-01-01,2005,1,-1,0.0,0.0
273,HONDURAS,1968,Sector Privado,804800.0,6,1968-01-01,1968,1,-1,0.0,0.0
274,NICARAGUA,1999,Sector Privado,20500000.0,7,1999-01-01,1999,1,-1,0.0,0.0
275,EL SALVADOR,2020,Sector Público,615200000.0,4,2020-01-01,2020,1,2,0.8875434192493269,1.294533336721661
276,GUATEMALA,1974,Sector Privado,4815000.0,6,1974-01-01,1974,1,-1,0.0,0.0
277,NICARAGUA,2013,Sector Privado,3000000.0,1,2013-01-01,2013,1,7,1.0,0.2831041466217925
278,HONDURAS,1992,Sector Público,75072000.0,9,1992-01-01,1992,1,-1,0.0,0.0
279,HONDURAS,1995,Sector Privado,57755000.0,18,1995-01-01,1995,1,-1,0.0,0.0
280,HONDURAS,2000,Sector Privado,34431050.0,5,2000-01-01,2000,1,1,1.0,0.38226846811350396
281,GUATEMALA,2011,Sector Público,119400000.0,1,2011-01-01,2011,1,9,1.0,0.3380185428026835
282,NICARAGUA,1991,Sector Público,67200000.0,5,1991-01-01,1991,1,1,0.9761946050572378,0.729456669009402
283,HONDURAS,1973,Sector Privado,6340800.0,10,1973-01-01,1973,1,-1,0.0,0.0
284,NICARAGUA,2024,Sector Público,130000000.0,1,2024-01-01,2024,1,9,1.0,0.3821781663592664
285,HONDURAS,1977,Sector Público,16790000.0,8,1977-01-01,1977,1,-1,0.0,0.0
286,EL SALVADOR,1966,Sector Privado,618400.0,4,1966-01-01,1966,1,-1,0.0,0.0
287,HONDURAS,1982,Sector Privado,500000.0,1,1982-01-01,1982,1,-1,0.0,0.0
288,EL SALVADOR,2001,Sector Privado,12800000.0,14,2001-01-01,2001,1,-1,0.0,0.0
289,EL SALVADOR,1996,Sector Público,132163530.0,7,1996-01-01,1996,1,-1,0.0,0.0
290,HONDURAS,2012,Sector Público,356337976.09000003,8,2012-01-01,2012,1,-1,0.0,0.0
291,EL SALVADOR,1987,Sector Público,49800000.0,7,1987-01-01,1987,1,0,0.999496912455134,0.21695730882811004
292,GUATEMALA,2015,Sector Público,370000000.0,2,2015-01-01,2015,1,6,0.6267101085863502,0.5492718171087184
293,EL SALVADOR,1964,Sector Público,1271000.0,2,1964-01-01,1964,1,-1,0.0,0.0
294,HONDURAS,2003,Sector Público,62927243.47,5,2003-01-01,2003,1,1,0.9761946050572378,0.6953491366324165
295,EL SALVADOR,2002,Sector Público,32500000.0,2,2002-01-01,2002,1,6,0.5588996595841673,0.7135287158696324
296,EL SALVADOR,2009,Sector Privado,1000000.0,1,2009-01-01,2009,1,7,1.0,0.28728129506305944
297,HONDURAS,2008,Sector Privado,71900000.0,14,2008-01-01,2008,1,-1,0.0,0.0
298,HONDURAS,1965,Sector Público,1431090.0,8,1965-01-01,1965,1,-1,0.0,0.0
299,HONDURAS,1981,Sector Público,29969350.0,9,1981-01-01,1981,1,0,1.0,0.3120541599163098
300,NICARAGUA,2021,Sector Privado,8000000.0,1,2021-01-01,2021,1,8,1.0,0.09658246120502367
301,NICARAGUA,1963,Sector Privado,1044848.57,6,1963-01-01,1963,1,-1,0.0,0.0
302,HONDURAS,1969,Sector Público,11377600.0,7,1969-01-01,1969,1,-1,0.0,0.0
303,EL SALVADOR,1980,Sector Público,56237000.0,9,1980-01-01,1980,1,-1,0.0,0.0
304,COSTA RICA,1972,Sector Privado,3365950.0,7,1972-01-01,1972,1,-1,0.0,0.0
305,EL SALVADOR,2016,Sector Privado,2125000.0,1,2016-01-01,2016,1,7,1.0,0.10406734156984054
306,NICARAGUA,1967,Sector Privado,5547300.0,8,1967-01-01,1967,1,-1,0.0,0.0
307,HONDURAS,1994,Sector Público,34765000.0,7,1994-01-01,1994,1,0,0.999496912455134,0.09736391699884228
308,EL SALVADOR,1976,Sector Privado,2525000.0,7,1976-01-01,1976,1,-1,0.0,0.0
309,GUATEMALA,1971,Sector Público,8658000.0,4,1971-01-01,1971,1,2,0.96818172139109,0.9190037262343174
310,EL SALVADOR,1979,Sector Privado,2416000.0,3,1979-01-01,1979,1,-1,0.0,0.0
311,HONDURAS,1968,Sector Público,10752000.0,7,1968-01-01,1968,1,-1,0.0,0.0
312,GUATEMALA,2018,Sector Público,193200000.0,1,2018-01-01,2018,1,9,0.9308788613078814,0.5878758318501772
313,GUATEMALA,1974,Sector Público,10800000.0,5,1974-01-01,1974,1,1,1.0,0.21968406992292722
314,NICARAGUA,2013,Sector Público,363545473.0,5,2013-01-01,2013,1,-1,0.0,0.0
315,NICARAGUA,1992,Sector Privado,900000.0,3,1992-01-01,1992,1,-1,0.0,0.0
316,HONDURAS,1995,Sector Público,8000000.0,3,1995-01-01,1995,1,3,1.0,0.29596332321359275
317,HONDURAS,2000,Sector Público,1500000.0,1,2000-01-01,2000,1,7,0.8992897598060422,0.07676904485918201
318,HONDURAS,2011,Sector Público,392236000.0,5,2011-01-01,2011,1,-1,0.0,0.0
319,HONDURAS,1973,Sector Público,12940000.0,4,1973-01-01,1973,1,2,0.8390760756961252,0.7103736724928877
320,PANAMÁ,2024,Sector Público,240000000.0,1,2024-01-01,2024,1,9,1.0,0.7004943543111691
321,NICARAGUA,1977,Sector Privado,7800000.0,4,1977-01-01,1977,1,2,0.96818172139109,0.9731861370117814
322,EL SALVADOR,1966,Sector Público,6040000.0,5,1966-01-01,1966,1,1,1.0,0.5214057682771305
323,HONDURAS,1982,Sector Público,40294000.0,6,1982-01-01,1982,1,0,0.999496912455134,0.3093510313948579
324,EL SALVADOR,2001,Sector Público,217400000.0,3,2001-01-01,2001,1,5,1.0,0.08023873024572148
325,EL SALVADOR,2025,Sector Público,350000000.0,3,2025-01-01,2025,1,5,0.8344711096068889,0.16699534332248556
326,NICARAGUA,2012,Sector Público,253044054.79,5,2012-01-01,2012,1,-1,0.0,0.0
327,EL SALVADOR,2022,Sector Privado,60000000.0,1,2022-01-01,2022,1,9,1.0,0.019252368285772148
328,HONDURAS,2015,Sector Privado,46000000.0,2,2015-01-01,2015,1,6,0.9204522788357208,0.5331622980168166
329,EL SALVADOR,2017,Sector Privado,61306842.25,1,2017-01-01,2017,1,9,0.9043877919450923,0.00806549026499781
330,NICARAGUA,2003,Sector Privado,42905100.0,14,2003-01-01,2003,1,-1,0.0,0.0
331,EL SALVADOR,2014,Sector Privado,14250000.0,3,2014-01-01,2014,1,3,1.0,0.0037715800142427147
332,EL SALVADOR,2009,Sector Público,293433870.0,2,2009-01-01,2009,1,6,0.6267101085863502,0.42889782431602386
333,HONDURAS,2008,Sector Público,202006000.0,5,2008-01-01,2008,1,-1,0.0,0.0
334,NICARAGUA,1965,Sector Privado,3942000.0,6,1965-01-01,1965,1,-1,0.0,0.0
335,NICARAGUA,1981,Sector Privado,4400000.0,1,1981-01-01,1981,1,8,1.0,0.21380699451119456
336,NICARAGUA,2021,Sector Público,804903013.99,7,2021-01-01,2021,1,-1,0.0,0.0
337,NICARAGUA,1969,Sector Privado,1015356.0,8,1969-01-01,1969,1,-1,0.0,0.0
338,GUATEMALA,1978,Sector Privado,1700000.0,4,1978-01-01,1978,1,-1,0.0,0.0
339,COSTA RICA,1972,Sector Público,13976200.0,8,1972-01-01,1972,1,0,0.9988248324175102,0.4770590872045479
340,EL SALVADOR,2016,Sector Público,383647251.84,4,2016-01-01,2016,1,2,0.8875434192493269,1.0493605810247282
341,NICARAGUA,1967,Sector Público,4291000.0,3,1967-01-01,1967,1,-1,0.0,0.0
342,NICARAGUA,1994,Sector Privado,19003900.0,12,1994-01-01,1994,1,-1,0.0,0.0
343,EL SALVADOR,1976,Sector Público,15300000.0,2,1976-01-01,1976,1,4,1.0,0.24123243865206614
344,GUATEMALA,1983,Sector Público,6900000.0,1,1983-01-01,1983,1,8,1.0,0.019784186298994033
345,EL SALVADOR,1979,Sector Público,41850000.0,6,1979-01-01,1979,1,0,0.999496912455134,0.31526502279951446
346,NICARAGUA,1968,Sector Privado,534714.0,3,1968-01-01,1968,1,-1,0.0,0.0
347,GUATEMALA,2020,Sector Privado,1500000.0,1,2020-01-01,2020,1,7,0.8992897598060422,0.07676904485918201
348,GUATEMALA,1984,Sector Público,1200000.0,1,1984-01-01,1984,1,7,1.0,0.19262230497615307
349,PANAMÁ,2013,Sector Privado,10000000.0,1,2013-01-01,2013,1,8,0.9075962455273585,0.21243579487349679
350,NICARAGUA,1992,Sector Público,63977012.0,9,1992-01-01,1992,1,-1,0.0,0.0
351,NICARAGUA,1995,Sector Privado,7875000.0,4,1995-01-01,1995,1,2,0.96818172139109,0.9682177981204256
352,NICARAGUA,2000,Sector Privado,15100000.0,6,2000-01-01,2000,1,-1,0.0,0.0
353,NICARAGUA,2011,Sector Privado,72200000.0,2,2011-01-01,2011,1,6,1.0,0.29911327003882293
354,NICARAGUA,1973,Sector Privado,1570671.0,7,1973-01-01,1973,1,-1,0.0,0.0
355,REPÚBLICA DOMINICANA,2024,Sector Público,100000000.0,1,2024-01-01,2024,1,9,1.0,0.24596191617829
356,NICARAGUA,1977,Sector Público,20210000.0,8,1977-01-01,1977,1,0,1.0,0.29309923324645903
357,EL SALVADOR,2004,Sector Privado,67500000.0,12,2004-01-01,2004,1,-1,0.0,0.0
358,NICARAGUA,1982,Sector Público,19700000.0,4,1982-01-01,1982,1,2,1.0,0.49216158823819256
359,EL SALVADOR,2007,Sector Privado,120215000.0,8,2007-01-01,2007,1,-1,0.0,0.0
360,GUATEMALA,1996,Sector Privado,75665700.0,23,1996-01-01,1996,1,-1,0.0,0.0
361,EL SALVADOR,2022,Sector Público,836000000.0,5,2022-01-01,2022,1,-1,0.0,0.0
362,HONDURAS,2015,Sector Público,212300000.0,2,2015-01-01,2015,1,6,0.8738108927980304,0.2608617826331997
363,EL SALVADOR,2017,Sector Público,246000000.0,2,2017-01-01,2017,1,6,0.8738108927980304,0.3373542853880295
364,NICARAGUA,2003,Sector Público,21790000.0,4,2003-01-01,2003,1,2,1.0,0.4398106084596821
365,EL SALVADOR,2014,Sector Público,296887500.0,5,2014-01-01,2014,1,-1,0.0,0.0
366,GUATEMALA,1975,Sector Privado,11110000.0,6,1975-01-01,1975,1,-1,0.0,0.0
367,NICARAGUA,2008,Sector Privado,107150000.0,12,2008-01-01,2008,1,-1,0.0,0.0
368,NICARAGUA,1965,Sector Público,2000000.0,1,1965-01-01,1965,1,7,1.0,0.07259180988677016
369,NICARAGUA,1981,Sector Público,43250000.0,6,1981-01-01,1981,1,0,0.999496912455134,0.32129123369589263
370,PANAMÁ,2021,Sector Privado,125000000.0,1,2021-01-01,2021,1,9,1.0,0.3618152617880761
371,NICARAGUA,1969,Sector Público,5720537.0,7,1969-01-01,1969,1,-1,0.0,0.0
372,GUATEMALA,1978,Sector Público,48790000.0,8,1978-01-01,1978,1,0,1.0,0.21060405371331745
373,COSTA RICA,2010,Sector Privado,35760000.0,9,2010-01-01,2010,1,0,1.0,0.3049848018194823
374,GUATEMALA,1993,Sector Privado,38556600.0,31,1993-01-01,1993,1,-1,0.0,0.0
375,NICARAGUA,1994,Sector Público,75129872.0,9,1994-01-01,1994,1,-1,0.0,0.0
376,EL SALVADOR,1998,Sector Privado,28900000.0,8,1998-01-01,1998,1,0,1.0,0.13621948827246244
377,HONDURAS,1971,Sector Privado,6223272.0,20,1971-01-01,1971,1,-1,0.0,0.0
378,EL SALVADOR,1997,Sector Privado,55147400.0,15,1997-01-01,1997,1,-1,0.0,0.0
379,NICARAGUA,1968,Sector Público,4000000.0,1,1968-01-01,1968,1,8,0.9075963472103473,0.26329083843994217
380,HONDURAS,2018,Sector Privado,40000000.0,3,2018-01-01,2018,1,3,0.7174620879112737,0.5396367006026057
381,HONDURAS,1974,Sector Privado,6857000.0,13,1974-01-01,1974,1,-1,0.0,0.0
382,REPÚBLICA DOMINICANA,2013,Sector Público,80200000.0,1,2013-01-01,2013,1,9,1.0,0.13140491984589908
383,NICARAGUA,1995,Sector Público,15600000.0,4,1995-01-01,1995,1,2,1.0,0.6133128057496368
384,NICARAGUA,2011,Sector Público,90234985.0,5,2011-01-01,2011,1,1,0.9761946050572378,0.8824840546004957
385,NICARAGUA,1973,Sector Público,14255857.0,9,1973-01-01,1973,1,-1,0.0,0.0
386,EL SALVADOR,2004,Sector Público,155625000.0,3,2004-01-01,2004,1,5,1.0,0.2537977729363563
387,EL SALVADOR,2007,Sector Público,351500000.0,7,2007-01-01,2007,1,-1,0.0,0.0
388,GUATEMALA,1996,Sector Público,130971000.0,3,1996-01-01,1996,1,5,1.0,0.3433437790233276
389,GUATEMALA,1987,Sector Privado,1200000.0,1,1987-01-01,1987,1,7,1.0,0.19262230497615307
390,NICARAGUA,2015,Sector Privado,40000000.0,1,2015-01-01,2015,1,9,1.0,0.2297647872254503
391,GUATEMALA,1964,Sector Privado,390000.0,2,1964-01-01,1964,1,-1,0.0,0.0
392,GUATEMALA,2002,Sector Privado,104054179.0,9,2002-01-01,2002,1,-1,0.0,0.0
393,GUATEMALA,1975,Sector Público,16140000.0,5,1975-01-01,1975,1,1,1.0,0.011098149070472074
394,NICARAGUA,2008,Sector Público,161893879.0,4,2008-01-01,2008,1,2,0.9423797001570663,0.6014146971604954
395,REPÚBLICA DOMINICANA,2021,Sector Público,410000000.0,2,2021-01-01,2021,1,6,0.5804473730341776,0.6025685724691364
396,GUATEMALA,1980,Sector Privado,8200000.0,3,1980-01-01,1980,1,3,1.0,0.28314322854349705
397,COSTA RICA,2010,Sector Público,182693958.0,3,2010-01-01,2010,1,5,1.0,0.1705392405175863
398,GUATEMALA,1993,Sector Público,70800000.0,3,1993-01-01,1993,1,-1,0.0,0.0
399,EL SALVADOR,1998,Sector Público,177771000.0,3,1998-01-01,1998,1,5,1.0,0.18472146381246257
400,HONDURAS,1971,Sector Público,3475000.0,5,1971-01-01,1971,1,1,0.9777527639471678,0.808417514364695
401,EL SALVADOR,1997,Sector Público,106908000.0,3,1997-01-01,1997,1,5,0.7270561415747075,0.4487426204753111
402,HONDURAS,2018,Sector Público,44262590.7,1,2018-01-01,2018,1,9,1.0,0.17719164622037387
403,HONDURAS,1974,Sector Público,16355000.0,11,1974-01-01,1974,1,-1,0.0,0.0
404,PANAMÁ,2011,Sector Privado,25000000.0,1,2011-01-01,2011,1,9,1.0,0.4737847973328718
405,EL SALVADOR,2019,Sector Privado,45000000.0,1,2019-01-01,2019,1,9,1.0,0.16861330667855184
406,GUATEMALA,2001,Sector Privado,29300000.0,3,2001-01-01,2001,1,3,0.7174620879112737,0.37801781651513083
407,GUATEMALA,2025,Sector Privado,115000000.0,2,2025-01-01,2025,1,6,1.0,0.05743559359727446
408,GUATEMALA,1987,Sector Público,26620000.0,5,1987-01-01,1987,1,1,1.0,0.24868362127759125
409,NICARAGUA,2015,Sector Público,156016547.10000002,4,2015-01-01,2015,1,2,1.0,0.582215672473857
410,GUATEMALA,1964,Sector Público,20000.0,1,1964-01-01,1964,1,-1,0.0,0.0
411,GUATEMALA,2002,Sector Público,40467835.0,2,2002-01-01,2002,1,6,0.8855055410931577,0.5996878364394389
412,GUATEMALA,2009,Sector Privado,2594200.0,4,2009-01-01,2009,1,-1,0.0,0.0
413,PANAMÁ,2008,Sector Privado,30100000.0,1,2008-01-01,2008,1,9,1.0,0.37739797715364926
414,GUATEMALA,1980,Sector Público,33640000.0,8,1980-01-01,1980,1,0,1.0,0.10400099243241089
415,COSTA RICA,2023,Sector Público,1000000000.0,3,2023-01-01,2023,1,-1,0.0,0.0
416,GUATEMALA,2016,Sector Público,300000000.0,1,2016-01-01,2016,1,9,0.9999999853738265,0.8163477005266732
417,EL SALVADOR,2006,Sector Privado,158210440.0,21,2006-01-01,2006,1,-1,0.0,0.0
418,HONDURAS,1983,Sector Público,7560000.0,3,1983-01-01,1983,1,3,1.0,0.3253339398392838
419,EL SALVADOR,2005,Sector Privado,43850000.0,13,2005-01-01,2005,1,-1,0.0,0.0
420,HONDURAS,2020,Sector Privado,111718430.0,4,2020-01-01,2020,1,2,1.0,0.4088172266285925
421,HONDURAS,1984,Sector Público,14100000.0,2,1984-01-01,1984,1,4,1.0,0.19882622731201388
422,EL SALVADOR,2019,Sector Público,531162715.48,5,2019-01-01,2019,1,-1,0.0,0.0
423,GUATEMALA,2001,Sector Público,97651252.0,4,2001-01-01,2001,1,2,1.0,0.33894538152014336
424,GUATEMALA,2025,Sector Público,60000000.0,1,2025-01-01,2025,1,9,1.0,0.019252368285772148
425,GUATEMALA,2022,Sector Privado,100000000.0,1,2022-01-01,2022,1,9,1.0,0.24596191617829
426,PANAMÁ,2015,Sector Privado,20000000.0,1,2015-01-01,2015,1,9,1.0,0.5896381387891556
427,GUATEMALA,2017,Sector Privado,37000000.0,2,2017-01-01,2017,1,6,0.8917847011589163,0.6462016105407378
428,GUATEMALA,2014,Sector Privado,56607000.0,3,2014-01-01,2014,1,-1,0.0,0.0
429,GUATEMALA,2009,Sector Público,143121400.0,3,2009-01-01,2009,1,5,1.0,0.29728286635039114
430,HONDURAS,1978,Sector Privado,3250000.0,3,1978-01-01,1978,1,-1,0.0,0.0
431,EL SALVADOR,1970,Sector Privado,5478600.0,6,1970-01-01,1970,1,-1,0.0,0.0
432,HONDURAS,1993,Sector Privado,11487100.0,13,1993-01-01,1993,1,-1,0.0,0.0
433,EL SALVADOR,2006,Sector Público,275000000.0,3,2006-01-01,2006,1,5,0.8344711096068889,0.041787013922128136
434,NICARAGUA,1971,Sector Privado,2825000.0,8,1971-01-01,1971,1,-1,0.0,0.0
435,EL SALVADOR,2005,Sector Público,232528347.75,5,2005-01-01,2005,1,-1,0.0,0.0
436,HONDURAS,2020,Sector Público,846779622.95,6,2020-01-01,2020,1,-1,0.0,0.0
437,NICARAGUA,1974,Sector Privado,2800000.0,3,1974-01-01,1974,1,-1,0.0,0.0
438,GUATEMALA,1966,Sector Privado,4211080.0,14,1966-01-01,1966,1,-1,0.0,0.0
439,GUATEMALA,2007,Sector Privado,567905000.0,19,2007-01-01,2007,1,-1,0.0,0.0
440,HONDURAS,1996,Sector Privado,58400000.0,14,1996-01-01,1996,1,-1,0.0,0.0
441,GUATEMALA,2022,Sector Público,170000000.0,1,2022-01-01,2022,1,9,1.0,0.5214574788889771
442,PANAMÁ,2015,Sector Público,200000000.0,1,2015-01-01,2015,1,9,1.0,0.6058352781257464
443,GUATEMALA,2017,Sector Público,100000000.0,1,2017-01-01,2017,1,9,1.0,0.24596191617829
444,GUATEMALA,2014,Sector Público,250000000.0,1,2014-01-01,2014,1,9,1.0,0.7216886242547184
445,HONDURAS,1975,Sector Privado,19215089.0,18,1975-01-01,1975,1,-1,0.0,0.0
446,HONDURAS,1978,Sector Público,28080000.0,8,1978-01-01,1978,1,0,1.0,0.14637040924740277
447,EL SALVADOR,1970,Sector Público,2397000.0,4,1970-01-01,1970,1,-1,0.0,0.0
448,HONDURAS,1993,Sector Público,86941000.0,9,1993-01-01,1993,1,-1,0.0,0.0
449,GUATEMALA,1962,Sector Privado,190000.0,2,1962-01-01,1962,1,-1,0.0,0.0
450,NICARAGUA,1971,Sector Público,11077486.0,10,1971-01-01,1971,1,-1,0.0,0.0
451,GUATEMALA,1979,Sector Privado,2250000.0,5,1979-01-01,1979,1,-1,0.0,0.0
452,NICARAGUA,2018,Sector Público,365114696.0,3,2018-01-01,2018,1,5,0.7570174484323245,0.1889457532338079
453,NICARAGUA,1974,Sector Público,22287000.0,12,1974-01-01,1974,1,-1,0.0,0.0
454,GUATEMALA,1966,Sector Público,4352000.0,2,1966-01-01,1966,1,-1,0.0,0.0
455,HONDURAS,2001,Sector Privado,8795064.0,5,2001-01-01,2001,1,1,1.0,0.32630206054548555
456,HONDURAS,1996,Sector Público,15910000.0,1,1996-01-01,1996,1,9,0.9025887806067637,0.7084201531954964
457,HONDURAS,1987,Sector Público,30478300.0,8,1987-01-01,1987,1,0,1.0,0.12013045456912691
458,HONDURAS,1964,Sector Privado,653000.0,3,1964-01-01,1964,1,-1,0.0,0.0
459,HONDURAS,2002,Sector Privado,15800000.0,3,2002-01-01,2002,1,3,1.0,0.05737926257317663
460,HONDURAS,1975,Sector Público,26194000.0,10,1975-01-01,1975,1,-1,0.0,0.0
461,HONDURAS,1980,Sector Privado,5642500.0,6,1980-01-01,1980,1,-1,0.0,0.0
462,EL SALVADOR,1972,Sector Privado,301360.0,2,1972-01-01,1972,1,-1,0.0,0.0
463,HONDURAS,2016,Sector Privado,40000000.0,1,2016-01-01,2016,1,9,1.0,0.2297647872254503
464,GUATEMALA,1976,Sector Privado,6050000.0,4,1976-01-01,1976,1,2,0.96818172139109,1.105093734298426
465,NICARAGUA,1983,Sector Público,13280000.0,3,1983-01-01,1983,1,3,1.0,0.03282997577425223
466,GUATEMALA,1979,Sector Público,8100000.0,1,1979-01-01,1979,1,8,1.0,0.10303207773382017
467,NICARAGUA,2020,Sector Público,698696935.0,4,2020-01-01,2020,1,-1,0.0,0.0
468,GUATEMALA,2004,Sector Privado,31125000.0,7,2004-01-01,2004,1,0,0.999496912455134,0.1091971201587587
469,HONDURAS,2001,Sector Público,37425000.0,5,2001-01-01,2001,1,1,1.0,0.42555840357732366
470,HONDURAS,2025,Sector Público,465000000.0,2,2025-01-01,2025,1,6,0.6267101085863502,0.6679240247948762
471,HONDURAS,2022,Sector Privado,15000000.0,1,2022-01-01,2022,1,9,0.7712784243761408,0.7389990714131847
472,HONDURAS,1964,Sector Público,654000.0,2,1964-01-01,1964,1,-1,0.0,0.0
473,HONDURAS,2002,Sector Público,25912285.0,3,2002-01-01,2002,1,3,0.7174620879112737,0.31422507428790036
474,HONDURAS,2009,Sector Privado,5500000.0,2,2009-01-01,2009,1,4,1.0,0.28995070988841165
475,HONDURAS,1980,Sector Público,39000000.0,7,1980-01-01,1980,1,0,0.999496912455134,0.11801738831566329
476,EL SALVADOR,1972,Sector Público,6730000.0,4,1972-01-01,1972,1,2,0.96818172139109,1.0497915127310369
477,HONDURAS,2016,Sector Público,62182437.78,2,2016-01-01,2016,1,6,1.0,0.37666297773205315
478,GUATEMALA,1976,Sector Público,27120000.0,5,1976-01-01,1976,1,1,1.0,0.25834499978644865
479,GUATEMALA,1997,Sector Privado,41337000.0,13,1997-01-01,1997,1,-1,0.0,0.0
480,PANAMÁ,2018,Sector Privado,141000000.0,3,2018-01-01,2018,1,5,1.0,0.30503606524225124
481,GUATEMALA,2004,Sector Público,57635000.0,2,2004-01-01,2004,1,6,0.9437779333875035,0.4160914203670516
482,HONDURAS,2007,Sector Privado,86852100.0,22,2007-01-01,2007,1,-1,0.0,0.0
483,NICARAGUA,1996,Sector Privado,11737565.0,11,1996-01-01,1996,1,-1,0.0,0.0
484,HONDURAS,2022,Sector Público,470000000.0,2,2022-01-01,2022,1,6,0.6267101085863502,0.673476885397824
485,HONDURAS,2017,Sector Privado,30472000.0,1,2017-01-01,2017,1,9,1.0,0.3710207672635121
486,HONDURAS,2014,Sector Privado,88700000.0,4,2014-01-01,2014,1,2,1.0,0.2890293497465613
487,HONDURAS,2009,Sector Público,90000000.0,1,2009-01-01,2009,1,9,1.0,0.19126005209609176
488,NICARAGUA,1978,Sector Privado,1400000.0,3,1978-01-01,1978,1,-1,0.0,0.0
489,EL SALVADOR,2010,Sector Privado,6325000.0,9,2010-01-01,2010,1,-1,0.0,0.0
490,MÉXICO,2016,Sector Público,150000000.0,1,2016-01-01,2016,1,9,1.0,0.456474337713906
491,GUATEMALA,1998,Sector Privado,63237300.0,13,1998-01-01,1998,1,-1,0.0,0.0
492,GUATEMALA,1997,Sector Público,177159773.0,6,1997-01-01,1997,1,-1,0.0,0.0
493,PANAMÁ,2018,Sector Público,660000000.0,4,2018-01-01,2018,1,2,0.8875434192493269,1.3310282821184092
494,GUATEMALA,2019,Sector Privado,60000000.0,1,2019-01-01,2019,1,9,1.0,0.019252368285772148
495,HONDURAS,2007,Sector Público,75500000.0,2,2007-01-01,2007,1,6,1.0,0.2759094248926032
496,NICARAGUA,2025,Sector Público,235000000.0,1,2025-01-01,2025,1,9,1.0,0.6895636870824456
497,NICARAGUA,2022,Sector Público,200000000.0,1,2022-01-01,2022,1,9,1.0,0.6058352781257464
498,HONDURAS,2017,Sector Público,236834740.0,2,2017-01-01,2017,1,6,0.8738108927980304,0.31764128698094407
499,HONDURAS,2014,Sector Público,122044117.73,2,2014-01-01,2014,1,6,1.0,0.026569650969630487
500,NICARAGUA,1975,Sector Privado,21890000.0,10,1975-01-01,1975,1,-1,0.0,0.0
501,NICARAGUA,1978,Sector Público,28471000.0,7,1978-01-01,1978,1,0,0.999496912455134,0.13671848159371544
502,EL SALVADOR,2010,Sector Público,126540000.0,4,2010-01-01,2010,1,2,1.0,0.4734959331227126
503,NICARAGUA,1993,Sector Privado,1500000.0,2,1993-01-01,1993,1,-1,0.0,0.0
504,GUATEMALA,1998,Sector Público,314750000.0,9,1998-01-01,1998,1,-1,0.0,0.0
505,GUATEMALA,2005,Sector Privado,105095000.0,11,2005-01-01,2005,1,-1,0.0,0.0
506,PANAMÁ,2020,Sector Público,400000000.0,2,2020-01-01,2020,1,6,0.6267101085863502,0.5897484762478092
507,GUATEMALA,2019,Sector Público,285700000.0,1,2019-01-01,2019,1,9,1.0,0.7909904963321454
508,NICARAGUA,2001,Sector Privado,19350000.0,8,2001-01-01,2001,1,0,1.0,0.3143213924701131
509,PANAMÁ,2025,Sector Privado,33200000.0,2,2025-01-01,2025,1,6,0.5954232477841405,0.7024649409913819
510,PANAMÁ,2022,Sector Privado,85000000.0,2,2022-01-01,2022,1,6,1.0,0.2143760477237333
511,NICARAGUA,1964,Sector Privado,1317700.0,6,1964-01-01,1964,1,-1,0.0,0.0
512,NICARAGUA,2002,Sector Privado,50043635.74,18,2002-01-01,2002,1,-1,0.0,0.0
513,NICARAGUA,1975,Sector Público,17184000.0,8,1975-01-01,1975,1,-1,0.0,0.0
514,NICARAGUA,1980,Sector Público,65285000.0,16,1980-01-01,1980,1,-1,0.0,0.0
515,GUATEMALA,1970,Sector Privado,2507184.0,7,1970-01-01,1970,1,-1,0.0,0.0
516,NICARAGUA,1993,Sector Público,66265800.0,8,1993-01-01,1993,1,-1,0.0,0.0
517,GUATEMALA,2006,Sector Privado,377049000.0,28,2006-01-01,2006,1,-1,0.0,0.0
518,GUATEMALA,2005,Sector Público,558270000.0,3,2005-01-01,2005,1,5,0.6335788989205993,0.4094089594851009
519,REPÚBLICA DOMINICANA,2018,Sector Privado,154000000.0,2,2018-01-01,2018,1,6,1.0,0.09417779049624164
520,HONDURAS,1966,Sector Privado,2200000.0,7,1966-01-01,1966,1,-1,0.0,0.0
521,NICARAGUA,2007,Sector Privado,199125700.0,18,2007-01-01,2007,1,-1,0.0,0.0
522,PANAMÁ,2025,Sector Público,75000000.0,1,2025-01-01,2025,1,9,0.9999999939057614,0.09660097663176204
523,PANAMÁ,2022,Sector Público,145000000.0,1,2022-01-01,2022,1,9,1.0,0.4388730753497073
524,NICARAGUA,1964,Sector Público,10052458.0,3,1964-01-01,1964,1,3,1.0,0.17739355465689471
525,NICARAGUA,2002,Sector Público,29138311.95,4,2002-01-01,2002,1,2,1.0,0.2889333088318462
526,NICARAGUA,2009,Sector Privado,21300000.0,9,2009-01-01,2009,1,-1,0.0,0.0
527,GUATEMALA,1970,Sector Público,150000.0,1,1970-01-01,1970,1,-1,0.0,0.0
528,NICARAGUA,2016,Sector Público,379786817.2,6,2016-01-01,2016,1,-1,0.0,0.0
529,HONDURAS,1962,Sector Privado,445000.0,3,1962-01-01,1962,1,-1,0.0,0.0
530,HONDURAS,1979,Sector Privado,10475600.0,6,1979-01-01,1979,1,-1,0.0,0.0
531,REPÚBLICA DOMINICANA,2020,Sector Público,30000000.0,1,2020-01-01,2020,1,9,1.0,0.3791257241760405
532,HONDURAS,1966,Sector Público,11794500.0,6,1966-01-01,1966,1,-1,0.0,0.0
533,NICARAGUA,2007,Sector Público,84769347.0,5,2007-01-01,2007,1,1,0.9761946050572378,0.8500435528613262
534,REGIONAL,2025,Sector Público,37187480.0,1,2025-01-01,2025,1,9,1.0,0.2676173508793318
535,REPÚBLICA DOMINICANA,2022,Sector Público,580000000.0,4,2022-01-01,2022,1,2,0.8875434192493269,1.263943164014899
536,NICARAGUA,2017,Sector Privado,10000000.0,1,2017-01-01,2017,1,8,0.9075962455273585,0.21243579487349679
537,NICARAGUA,2014,Sector Público,333883194.0,4,2014-01-01,2014,1,2,0.8875434192493269,0.9772286640488101
538,NICARAGUA,2009,Sector Público,299987137.88,4,2009-01-01,2009,1,2,0.8875434192493269,0.9216488028062049
539,GUATEMALA,1972,Sector Privado,5580370.0,8,1972-01-01,1972,1,-1,0.0,0.0
540,PANAMÁ,2016,Sector Privado,156000000.0,2,2016-01-01,2016,1,6,1.0,0.10087707718836025
541,HONDURAS,1962,Sector Público,120000.0,1,1962-01-01,1962,1,-1,0.0,0.0
542,HONDURAS,1979,Sector Público,39655000.0,8,1979-01-01,1979,1,0,1.0,0.128304265669393
543,HONDURAS,2004,Sector Privado,79846537.0,11,2004-01-01,2004,1,-1,0.0,0.0
544,PANAMÁ,2007,Sector Privado,97033333.33,2,2007-01-01,2007,1,6,1.0,0.14563390484352223
545,REPÚBLICA DOMINICANA,2025,Sector Privado,100000000.0,1,2025-01-01,2025,1,9,1.0,0.24596191617829
546,NICARAGUA,2017,Sector Público,468774000.0,4,2017-01-01,2017,1,2,0.8875434192493269,1.153404337184223
547,PANAMÁ,2014,Sector Privado,30000000.0,1,2014-01-01,2014,1,9,1.0,0.3791257241760405
548,PANAMÁ,2009,Sector Privado,20000000.0,1,2009-01-01,2009,1,9,1.0,0.5896381387891556
549,GUATEMALA,1972,Sector Público,9500000.0,2,1972-01-01,1972,1,4,0.967416981852405,0.006192079042225629
550,PANAMÁ,2016,Sector Público,100000000.0,1,2016-01-01,2016,1,9,1.0,0.24596191617829
551,HONDURAS,1976,Sector Privado,3215000.0,7,1976-01-01,1976,1,-1,0.0,0.0
552,HONDURAS,1997,Sector Privado,37947000.0,12,1997-01-01,1997,1,-1,0.0,0.0
553,HONDURAS,2004,Sector Público,117830000.0,4,2004-01-01,2004,1,2,1.0,0.4364697868882265
554,PANAMÁ,2007,Sector Público,19000000.0,1,2007-01-01,2007,1,9,1.0,0.6162689756452121
555,REPÚBLICA DOMINICANA,2025,Sector Público,80900000.0,1,2025-01-01,2025,1,9,0.9671143161667483,0.13591681985317638
556,PANAMÁ,2017,Sector Privado,20000000.0,1,2017-01-01,2017,1,9,1.0,0.5896381387891556
557,GUATEMALA,2010,Sector Privado,71415000.0,4,2010-01-01,2010,1,2,1.0,0.17649443998588749
558,REPÚBLICA DOMINICANA,2016,Sector Público,100000000.0,1,2016-01-01,2016,1,9,1.0,0.24596191617829
559,HONDURAS,1976,Sector Público,21441200.0,6,1976-01-01,1976,1,-1,0.0,0.0
560,HONDURAS,1997,Sector Público,4900000.0,1,1997-01-01,1997,1,8,1.0,0.15792650910865458
561,HONDURAS,2019,Sector Privado,25000000.0,1,2019-01-01,2019,1,9,1.0,0.4737847973328718
562,REPÚBLICA DOMINICANA,2007,Sector Público,50000000.0,1,2007-01-01,2007,1,9,1.0,0.11391144317322688
563,PANAMÁ,2017,Sector Público,170000000.0,2,2017-01-01,2017,1,6,1.0,0.14549731376561537
564,GUATEMALA,2010,Sector Público,265000000.0,1,2010-01-01,2010,1,9,1.0,0.7519411139444611
565,HONDURAS,1998,Sector Privado,147449550.0,23,1998-01-01,1998,1,-1,0.0,0.0
566,HONDURAS,2005,Sector Privado,79705800.0,12,2005-01-01,2005,1,-1,0.0,0.0
567,HONDURAS,2019,Sector Público,143586952.0,2,2019-01-01,2019,1,6,1.0,0.057828531065151956
568,REPÚBLICA DOMINICANA,2017,Sector Público,249600000.0,1,2017-01-01,2017,1,9,1.0,0.7208572589589074
569,GUATEMALA,2023,Sector Privado,15000000.0,1,2023-01-01,2023,1,9,0.7712784243761408,0.7389990714131847
570,HONDURAS,1998,Sector Público,45500000.0,2,1998-01-01,1998,1,6,0.9389154614502144,0.5388365349005391
571,HONDURAS,2005,Sector Público,125272463.49,9,2005-01-01,2005,1,-1,0.0,0.0
572,NICARAGUA,1966,Sector Privado,6725000.0,5,1966-01-01,1966,1,1,1.0,0.46563054519709707
573,HONDURAS,1970,Sector Privado,11407500.0,19,1970-01-01,1970,1,-1,0.0,0.0
574,HONDURAS,2006,Sector Privado,113327000.0,14,2006-01-01,2006,1,-1,0.0,0.0
575,NICARAGUA,1979,Sector Privado,11050000.0,6,1979-01-01,1979,1,-1,0.0,0.0
576,NICARAGUA,1966,Sector Público,2722240.0,3,1966-01-01,1966,1,-1,0.0,0.0
577,HONDURAS,1970,Sector Público,8114500.0,5,1970-01-01,1970,1,1,1.0,0.36811641642285325
578,HONDURAS,2006,Sector Público,125300000.05,2,2006-01-01,2006,1,6,1.0,0.012900345965888182
579,NICARAGUA,1979,Sector Público,2750000.0,2,1979-01-01,1979,1,-1,0.0,0.0
580,NICARAGUA,2004,Sector Privado,24482000.0,17,2004-01-01,2004,1,-1,0.0,0.0
581,HONDURAS,1972,Sector Privado,3962000.0,13,1972-01-01,1972,1,-1,0.0,0.0
582,NICARAGUA,1962,Sector Privado,937200.0,1,1962-01-01,1962,1,7,0.8118401393537662,0.3209550214962684
583,NICARAGUA,1997,Sector Privado,7500000.0,3,1997-01-01,1997,1,3,1.0,0.3294709135160244
584,NICARAGUA,2004,Sector Público,11025000.0,3,2004-01-01,2004,1,3,0.9559789386826185,0.12944750585958092
585,HONDURAS,1972,Sector Público,2680300.0,8,1972-01-01,1972,1,-1,0.0,0.0
586,NICARAGUA,1976,Sector Privado,980000.0,1,1976-01-01,1976,1,7,0.9908479214825717,0.29777027794404143
587,NICARAGUA,2005,Sector Privado,60775872.66,16,2005-01-01,2005,1,-1,0.0,0.0
588,NICARAGUA,2019,Sector Privado,70800000.0,2,2019-01-01,2019,1,6,1.0,0.30927950416073735
589,HONDURAS,2010,Sector Privado,118182669.0,7,2010-01-01,2010,1,-1,0.0,0.0
590,NICARAGUA,1976,Sector Público,21360000.0,5,1976-01-01,1976,1,1,1.0,0.13438823264448602
591,NICARAGUA,2005,Sector Público,49632000.0,6,2005-01-01,2005,1,0,0.999496912455134,0.35440226271584124
592,NICARAGUA,2019,Sector Público,585344540.0,2,2019-01-01,2019,1,6,0.6267101085863502,0.7874218984557088
593,HONDURAS,2010,Sector Público,356188510.0,3,2010-01-01,2010,1,5,0.8119899190827955,0.17609512148515138
594,NICARAGUA,1998,Sector Privado,32711300.0,7,1998-01-01,1998,1,0,0.999496912455134,0.10004763560490922
595,PANAMÁ,2005,Sector Público,20000000.0,1,2005-01-01,2005,1,9,1.0,0.5896381387891556
596,PANAMÁ,2019,Sector Privado,50000000.0,1,2019-01-01,2019,1,9,1.0,0.11391144317322688
597,HONDURAS,2023,Sector Privado,20000000.0,1,2023-01-01,2023,1,9,1.0,0.5896381387891556
598,NICARAGUA,2006,Sector Privado,103330434.0,22,2006-01-01,2006,1,-1,0.0,0.0
599,PANAMÁ,2019,Sector Público,134000000.0,2,2019-01-01,2019,1,6,1.0,0.02195216031464775
600,HONDURAS,2023,Sector Público,766988111.14,3,2023-01-01,2023,1,5,0.6335788989205993,0.5743177557608983
601,NICARAGUA,2006,Sector Público,196218000.0,3,2006-01-01,2006,1,5,1.0,0.13346203840729598
602,NICARAGUA,1970,Sector Privado,842236.0,6,1970-01-01,1970,1,-1,0.0,0.0
603,NICARAGUA,1970,Sector Público,9534000.0,6,1970-01-01,1970,1,-1,0.0,0.0
604,NICARAGUA,1972,Sector Privado,3174914.0,8,1972-01-01,1972,1,-1,0.0,0.0
605,NICARAGUA,1972,Sector Público,7834300.0,5,1972-01-01,1972,1,1,1.0,0.38636121161053577
606,NICARAGUA,2010,Sector Privado,30400000.0,3,2010-01-01,2010,1,3,0.7174620879112737,0.39715251983095523
607,NICARAGUA,2010,Sector Público,117826951.0,2,2010-01-01,2010,1,6,1.0,0.04482717530516778
608,PANAMÁ,2010,Sector Privado,12790915.0,2,2010-01-01,2010,1,4,1.0,0.14823678407598917
609,REPÚBLICA DOMINICANA,2010,Sector Público,150000000.0,2,2010-01-01,2010,1,6,1.0,0.08051417259054428
610,REPÚBLICA DOMINICANA,2023,Sector Público,908226411.0,3,2023-01-01,2023,1,5,0.5384536453635974,0.6620720750553213
