_id,Pais,Anio_Origen,Sector_Economico,Monto_Aprobado,CANTIDAD_APROBACIONES,Fecha_Aprobacion,Anio,Mes,Cluster,Membership_Strength,Outlier_Score
1,COSTA RICA,2012,Sector Privado,3000000.0,1,2012-01-01,2012,1,7,1.0,0.0
2,ARGENTINA,2022,Sector Público,115000000.0,4,2022-01-01,2022,1,2,1.0,0.0
3,ARGENTINA,2015,Sector Público,50000000.0,1,2015-01-01,2015,1,9,1.0,0.0
4,ARGENTINA,2017,Sector Público,30000000.0,1,2017-01-01,2017,1,9,1.0,0.0
5,COSTA RICA,2003,Sector Privado,54336000.0,12,2003-01-01,2003,1,-1,0.0,0.10238001002468748
6,BELICE,2014,Sector Público,30000000.0,1,2014-01-01,2014,1,9,1.0,0.0
7,BELICE,2009,Sector Público,1905800.0,1,2009-01-01,2009,1,7,1.0,0.0
8,COLOMBIA,2008,Sector Privado,5000000.0,1,2008-01-01,2008,1,8,1.0,0.0
9,COSTA RICA,1965,Sector Privado,1284100.0,4,1965-01-01,1965,1,-1,0.0,0.0236388974867121
10,COSTA RICA,1981,Sector Privado,2771000.0,4,1981-01-01,1981,1,-1,0.0,0.0003627247761634799
11,COSTA RICA,1986,Sector Público,3000000.0,1,1986-01-01,1986,1,7,1.0,0.0
12,COSTA RICA,1985,Sector Público,6600000.0,2,1985-01-01,1985,1,4,1.0,0.0
13,ARGENTINA,2021,Sector Público,150000000.0,3,2021-01-01,2021,1,5,1.0,0.0
14,COSTA RICA,1963,Sector Privado,62000.0,2,1963-01-01,1963,1,-1,0.0,0.6544219221101925
15,COSTA RICA,1969,Sector Privado,604600.0,6,1969-01-01,1969,1,-1,0.0,0.49144111708706667
16,COSTA RICA,1978,Sector Privado,7735000.0,5,1978-01-01,1978,1,1,1.0,0.0
17,ARGENTINA,2023,Sector Público,625000000.0,3,2023-01-01,2023,1,5,0.7406698466411384,0.25933015335886156
18,ARGENTINA,2016,Sector Público,90000000.0,2,2016-01-01,2016,1,6,0.8810763741811215,0.11892362581887855
19,COSTA RICA,1967,Sector Privado,1164600.0,5,1967-01-01,1967,1,-1,0.0,0.03581200006026078
20,COSTA RICA,1994,Sector Privado,78026000.0,31,1994-01-01,1994,1,-1,0.0,0.8748217225608234
21,COSTA RICA,1976,Sector Privado,4439000.0,5,1976-01-01,1976,1,1,0.9131467488547144,0.08685325114528568
22,COSTA RICA,1971,Sector Privado,2816075.0,9,1971-01-01,1971,1,-1,0.0,0.2664409409987027
23,COLOMBIA,2005,Sector Público,71120000.0,2,2005-01-01,2005,1,6,1.0,0.0
24,COSTA RICA,1968,Sector Privado,761000.0,3,1968-01-01,1968,1,-1,0.0,0.08267232881267796
25,COSTA RICA,1999,Sector Privado,18809037.0,5,1999-01-01,1999,1,1,1.0,0.0
26,ARGENTINA,2018,Sector Público,32000000.0,1,2018-01-01,2018,1,9,1.0,0.0
27,COSTA RICA,1974,Sector Privado,9478100.0,11,1974-01-01,1974,1,-1,0.0,0.23474232087421162
28,COSTA RICA,2013,Sector Privado,34775000.0,4,2013-01-01,2013,1,2,1.0,0.0
29,COSTA RICA,1992,Sector Privado,9200145.0,7,1992-01-01,1992,1,-1,0.0,0.0007908905646928229
30,COSTA RICA,1989,Sector Público,38000000.0,4,1989-01-01,1989,1,2,1.0,0.05061969097987197
31,COSTA RICA,1995,Sector Privado,40150000.0,16,1995-01-01,1995,1,-1,0.0,0.3888128396670739
32,COSTA RICA,2000,Sector Privado,38630000.0,7,2000-01-01,2000,1,0,0.999496912455134,0.000503087544866029
33,COLOMBIA,2011,Sector Público,50000000.0,1,2011-01-01,2011,1,9,1.0,0.0
34,COSTA RICA,1991,Sector Privado,4200000.0,1,1991-01-01,1991,1,8,1.0,0.0
35,COSTA RICA,1988,Sector Público,23000000.0,5,1988-01-01,1988,1,1,1.0,0.0
36,COSTA RICA,1973,Sector Privado,8680000.0,11,1973-01-01,1973,1,-1,0.0,0.22277797453559842
37,ARGENTINA,2024,Sector Público,230000000.0,1,2024-01-01,2024,1,9,1.0,0.0
38,COSTA RICA,1990,Sector Público,28375000.0,4,1990-01-01,1990,1,2,1.0,0.0
39,COSTA RICA,1977,Sector Privado,2000000.0,1,1977-01-01,1977,1,7,1.0,0.0
40,ARGENTINA,2019,Sector Público,67000000.0,1,2019-01-01,2019,1,9,1.0,0.09626802224204549
41,COSTA RICA,1982,Sector Privado,8500000.0,1,1982-01-01,1982,1,8,1.0,0.0
42,COLOMBIA,2007,Sector Privado,136948000.0,1,2007-01-01,2007,1,9,1.0,0.0
43,ARGENTINA,2025,Sector Público,127500000.0,2,2025-01-01,2025,1,6,1.0,0.0
44,COSTA RICA,2012,Sector Público,350000000.0,4,2012-01-01,2012,1,2,0.8875434192493269,0.11245658075067308
45,BELICE,2022,Sector Público,24000000.0,1,2022-01-01,2022,1,9,1.0,0.19006034052965554
46,COLOMBIA,2015,Sector Público,136000000.0,1,2015-01-01,2015,1,9,1.0,0.0
47,COLOMBIA,2017,Sector Público,50000000.0,1,2017-01-01,2017,1,9,1.0,0.0
48,COSTA RICA,2003,Sector Público,118330255.46,3,2003-01-01,2003,1,5,1.0,0.0
49,COLOMBIA,2014,Sector Público,50000000.0,1,2014-01-01,2014,1,9,1.0,0.0
50,COSTA RICA,1975,Sector Privado,5828000.0,4,1975-01-01,1975,1,2,0.96818172139109,0.03181827860890999
51,COSTA RICA,2008,Sector Privado,27000000.0,11,2008-01-01,2008,1,-1,0.0,0.2395616424716227
52,COSTA RICA,1965,Sector Público,2000000.0,2,1965-01-01,1965,1,-1,0.0,0.0
53,COSTA RICA,1981,Sector Público,19000000.0,4,1981-01-01,1981,1,2,1.0,0.0
54,EL SALVADOR,1986,Sector Privado,400000.0,1,1986-01-01,1986,1,-1,0.0,0.08267232881267796
55,EL SALVADOR,1985,Sector Público,1980000.0,1,1985-01-01,1985,1,7,1.0,0.0
56,COSTA RICA,2021,Sector Público,580000000.0,2,2021-01-01,2021,1,6,0.6267101085863502,0.37328989141364977
57,EL SALVADOR,1963,Sector Privado,2426600.0,5,1963-01-01,1963,1,1,0.9203947813973995,0.07960521860260047
58,COSTA RICA,1969,Sector Público,13134000.0,10,1969-01-01,1969,1,-1,0.0,0.23474232087421162
59,COSTA RICA,1978,Sector Público,37020000.0,7,1978-01-01,1978,1,0,0.999496912455134,0.000503087544866029
60,BELICE,2010,Sector Público,10667410.0,2,2010-01-01,2010,1,4,1.0,0.0
61,COSTA RICA,1993,Sector Privado,25000000.0,20,1993-01-01,1993,1,-1,0.0,0.5741848636329435
62,COSTA RICA,1967,Sector Público,5990000.0,2,1967-01-01,1967,1,4,1.0,0.0
63,COSTA RICA,1994,Sector Público,65784244.0,11,1994-01-01,1994,1,-1,0.0,0.10238001002468748
64,COSTA RICA,1976,Sector Público,37043000.0,9,1976-01-01,1976,1,0,1.0,0.0
65,COSTA RICA,1971,Sector Público,6200000.0,3,1971-01-01,1971,1,3,1.0,0.0
66,COSTA RICA,1979,Sector Privado,12000000.0,4,1979-01-01,1979,1,2,0.96818172139109,0.03181827860890999
67,COSTA RICA,1968,Sector Público,3022000.0,5,1968-01-01,1968,1,1,0.9131467488547144,0.08685325114528568
68,COSTA RICA,1999,Sector Público,73333101.0,4,1999-01-01,1999,1,2,1.0,0.0
69,ARGENTINA,2020,Sector Público,50000000.0,1,2020-01-01,2020,1,9,1.0,0.0
70,COSTA RICA,1974,Sector Público,40330000.0,18,1974-01-01,1974,1,-1,0.0,0.4992705609481338
71,COSTA RICA,2013,Sector Público,515000000.0,4,2013-01-01,2013,1,2,0.8875434192493269,0.11245658075067308
72,COSTA RICA,1992,Sector Público,45965600.0,6,1992-01-01,1992,1,0,0.999496912455134,0.000503087544866029
73,EL SALVADOR,1989,Sector Público,12000000.0,3,1989-01-01,1989,1,3,1.0,0.0
74,COSTA RICA,1995,Sector Público,60035316.0,5,1995-01-01,1995,1,1,0.9678779542871038,0.032122045712896244
75,COSTA RICA,2000,Sector Público,74091406.0,4,2000-01-01,2000,1,2,1.0,0.0
76,COSTA RICA,2011,Sector Privado,31000000.0,5,2011-01-01,2011,1,1,1.0,0.0
77,COSTA RICA,1991,Sector Público,32700000.0,3,1991-01-01,1991,1,3,0.7174620879112737,0.2825379120887263
78,EL SALVADOR,1988,Sector Público,16740000.0,4,1988-01-01,1988,1,2,1.0,0.0
79,COSTA RICA,1973,Sector Público,25900000.0,8,1973-01-01,1973,1,0,1.0,0.0
80,COSTA RICA,2024,Sector Público,770000000.0,1,2024-01-01,2024,1,-1,0.0,0.19238161577793636
81,EL SALVADOR,1990,Sector Público,37670000.0,5,1990-01-01,1990,1,1,1.0,0.0
82,COSTA RICA,1977,Sector Público,18760000.0,5,1977-01-01,1977,1,1,1.0,0.0
83,COSTA RICA,1966,Sector Privado,3118500.0,6,1966-01-01,1966,1,-1,0.0,0.017520759929130224
84,COSTA RICA,1982,Sector Público,8000000.0,2,1982-01-01,1982,1,4,1.0,0.0
85,COLOMBIA,2007,Sector Público,50000000.0,1,2007-01-01,2007,1,9,1.0,0.0
86,COLOMBIA,2025,Sector Público,75000000.0,1,2025-01-01,2025,1,9,0.9999999939057614,6.0942385100069355e-09
87,EL SALVADOR,2012,Sector Privado,18000000.0,3,2012-01-01,2012,1,3,1.0,0.0
88,COLOMBIA,2022,Sector Público,250000000.0,1,2022-01-01,2022,1,9,1.0,0.0
89,COSTA RICA,2015,Sector Privado,73000000.0,4,2015-01-01,2015,1,2,1.0,0.0
90,COSTA RICA,1964,Sector Privado,1123435.0,6,1964-01-01,1964,1,-1,0.0,0.03581200006026078
91,EL SALVADOR,2003,Sector Privado,29976300.0,13,2003-01-01,2003,1,-1,0.0,0.20535803058929228
92,COSTA RICA,2002,Sector Privado,70164000.0,13,2002-01-01,2002,1,-1,0.0,0.08154498903661964
93,COSTA RICA,1975,Sector Público,26066000.0,9,1975-01-01,1975,1,0,1.0,0.0
94,COSTA RICA,2008,Sector Público,172390000.0,5,2008-01-01,2008,1,-1,0.0,0.0010127876573855245
95,EL SALVADOR,1965,Sector Privado,5096700.0,7,1965-01-01,1965,1,-1,0.0,0.015585130432002397
96,EL SALVADOR,1981,Sector Privado,481100.0,2,1981-01-01,1981,1,-1,0.0,0.08267232881267796
97,EL SALVADOR,1986,Sector Público,13000000.0,1,1986-01-01,1986,1,9,0.6949176934108424,0.3050823065891575
98,GUATEMALA,1985,Sector Público,8000000.0,1,1985-01-01,1985,1,8,1.0,0.0
99,EL SALVADOR,2021,Sector Privado,20000000.0,1,2021-01-01,2021,1,9,1.0,0.19006034052965554
100,EL SALVADOR,1963,Sector Público,20000.0,1,1963-01-01,1963,1,-1,0.0,0.7840030557611231
101,EL SALVADOR,1969,Sector Privado,3610130.0,9,1969-01-01,1969,1,-1,0.0,0.20675926729234825
102,COSTA RICA,1980,Sector Privado,5761288.0,6,1980-01-01,1980,1,-1,0.0,7.277456911370117e-07
103,BELICE,2023,Sector Público,2500000.0,1,2023-01-01,2023,1,7,1.0,0.0
104,COSTA RICA,1993,Sector Público,21750000.0,4,1993-01-01,1993,1,2,1.0,0.0
105,EL SALVADOR,1967,Sector Privado,986000.0,4,1967-01-01,1967,1,-1,0.0,0.08855069264834572
106,EL SALVADOR,1994,Sector Privado,24313000.0,17,1994-01-01,1994,1,-1,0.0,0.5273557757995757
107,COSTA RICA,1998,Sector Privado,84786168.0,24,1998-01-01,1998,1,-1,0.0,0.6079109934866034
108,COSTA RICA,1983,Sector Privado,1800000.0,1,1983-01-01,1983,1,7,1.0,0.0
109,COSTA RICA,1979,Sector Público,33110000.0,9,1979-01-01,1979,1,0,1.0,0.0
110,EL SALVADOR,1968,Sector Privado,1525700.0,5,1968-01-01,1968,1,-1,0.0,0.035597469164537376
111,EL SALVADOR,1999,Sector Privado,61619477.0,6,1999-01-01,1999,1,0,0.9989711037802022,0.0010288962197978469
112,COSTA RICA,2018,Sector Público,530284067.0,3,2018-01-01,2018,1,5,0.5452869649332224,0.4547130350667776
113,COSTA RICA,1984,Sector Público,1650000.0,1,1984-01-01,1984,1,7,1.0,0.0
114,EL SALVADOR,2013,Sector Público,199208600.0,4,2013-01-01,2013,1,-1,0.0,0.0007652072844574511
115,EL SALVADOR,1992,Sector Privado,14000000.0,3,1992-01-01,1992,1,3,1.0,0.0
116,GUATEMALA,1989,Sector Privado,99000.0,1,1989-01-01,1989,1,-1,0.0,0.48932347841537455
117,EL SALVADOR,1995,Sector Privado,71513548.0,13,1995-01-01,1995,1,-1,0.0,0.08154498903661964
118,EL SALVADOR,2000,Sector Privado,7830000.0,1,2000-01-01,2000,1,8,1.0,0.0
119,COSTA RICA,2011,Sector Público,499000000.0,3,2011-01-01,2011,1,5,0.6441942254123584,0.35580577458764157
120,EL SALVADOR,1991,Sector Público,1000000.0,1,1991-01-01,1991,1,7,1.0,0.0
121,HONDURAS,1988,Sector Público,37600000.0,10,1988-01-01,1988,1,-1,0.0,0.018161872113654172
122,EL SALVADOR,1973,Sector Privado,9430000.0,8,1973-01-01,1973,1,-1,0.0,0.1222309482198846
123,EL SALVADOR,2024,Sector Público,263900000.0,2,2024-01-01,2024,1,6,0.7343621928583526,0.26563780714164736
124,GUATEMALA,1990,Sector Privado,15220600.0,2,1990-01-01,1990,1,4,1.0,0.0
125,EL SALVADOR,1977,Sector Público,14100000.0,2,1977-01-01,1977,1,4,1.0,0.0
126,COSTA RICA,1966,Sector Público,4700000.0,1,1966-01-01,1966,1,8,1.0,0.0
127,EL SALVADOR,1982,Sector Privado,2000000.0,3,1982-01-01,1982,1,-1,0.0,0.0
128,COSTA RICA,2001,Sector Privado,31000000.0,4,2001-01-01,2001,1,2,1.0,0.0
129,COSTA RICA,1996,Sector Privado,35521099.0,21,1996-01-01,1996,1,-1,0.0,0.6420854196279449
130,EL SALVADOR,2012,Sector Público,193161825.0,3,2012-01-01,2012,1,5,1.0,0.0
131,COSTA RICA,1987,Sector Privado,1000000.0,1,1987-01-01,1987,1,7,1.0,0.0
132,COSTA RICA,2015,Sector Público,202587964.87,2,2015-01-01,2015,1,6,0.7430117139386496,0.2569882860613504
133,COSTA RICA,1964,Sector Público,1163000.0,2,1964-01-01,1964,1,-1,0.0,0.0017972280116004477
134,EL SALVADOR,2003,Sector Público,143500000.0,3,2003-01-01,2003,1,5,1.0,0.0
135,COSTA RICA,2002,Sector Público,280000000.0,6,2002-01-01,2002,1,-1,0.0,0.03121056366024929
136,COSTA RICA,2009,Sector Privado,32900000.0,5,2009-01-01,2009,1,1,1.0,0.0
137,EL SALVADOR,2008,Sector Privado,15261000.0,3,2008-01-01,2008,1,3,1.0,0.0
138,EL SALVADOR,1965,Sector Público,1066000.0,2,1965-01-01,1965,1,-1,0.0,0.011947009841848438
139,EL SALVADOR,1981,Sector Público,9200000.0,4,1981-01-01,1981,1,2,0.96818172139109,0.03181827860890999
140,HONDURAS,1986,Sector Público,16675000.0,6,1986-01-01,1986,1,-1,0.0,0.0020712120560608767
141,HONDURAS,1985,Sector Público,9150000.0,2,1985-01-01,1985,1,4,0.880825386752989,0.11917461324701097
142,EL SALVADOR,2021,Sector Público,864700000.0,3,2021-01-01,2021,1,5,0.6199124036432506,0.3800875963567494
143,GUATEMALA,1963,Sector Privado,3327500.0,11,1963-01-01,1963,1,-1,0.0,0.5105416855618978
144,EL SALVADOR,1969,Sector Público,7250000.0,3,1969-01-01,1969,1,3,1.0,0.0
145,COSTA RICA,1980,Sector Público,20970000.0,7,1980-01-01,1980,1,-1,0.0,0.01952080566657929
146,COLOMBIA,2010,Sector Privado,35321000.0,1,2010-01-01,2010,1,9,1.0,0.0
147,COSTA RICA,2016,Sector Privado,50000000.0,1,2016-01-01,2016,1,9,1.0,0.0
148,GUATEMALA,1967,Sector Privado,292000.0,2,1967-01-01,1967,1,-1,0.0,0.09941714721071113
149,EL SALVADOR,1994,Sector Público,144238000.0,9,1994-01-01,1994,1,-1,0.0,0.4066574647337702
150,COSTA RICA,1998,Sector Público,56698182.0,3,1998-01-01,1998,1,-1,0.0,1.1356719344528769e-05
151,COSTA RICA,1983,Sector Público,15402200.0,3,1983-01-01,1983,1,3,1.0,0.0
152,COSTA RICA,1997,Sector Privado,26300000.0,13,1997-01-01,1997,1,-1,0.0,0.2334769711273494
153,EL SALVADOR,1968,Sector Público,7900000.0,2,1968-01-01,1968,1,4,1.0,0.0
154,GUATEMALA,1999,Sector Privado,56093000.0,10,1999-01-01,1999,1,-1,0.0,0.032502928370661266
155,COSTA RICA,2020,Sector Privado,6000000.0,1,2020-01-01,2020,1,8,1.0,0.0
156,EL SALVADOR,1974,Sector Privado,8070000.0,6,1974-01-01,1974,1,-1,0.0,7.277456911370117e-07
157,GUATEMALA,2013,Sector Privado,18750000.0,1,2013-01-01,2013,1,9,1.0,0.19006034052965554
158,EL SALVADOR,1992,Sector Público,36800000.0,4,1992-01-01,1992,1,2,1.0,0.0
159,GUATEMALA,1989,Sector Público,7000000.0,3,1989-01-01,1989,1,3,1.0,0.0
160,EL SALVADOR,1995,Sector Público,21150000.0,2,1995-01-01,1995,1,-1,0.0,0.008843543561648723
161,EL SALVADOR,2000,Sector Público,80000000.0,2,2000-01-01,2000,1,6,1.0,0.0
162,EL SALVADOR,2011,Sector Privado,53625000.0,5,2011-01-01,2011,1,1,0.9761946050572378,0.02380539494276223
163,GUATEMALA,1991,Sector Privado,6500000.0,1,1991-01-01,1991,1,8,1.0,0.0
164,EL SALVADOR,1973,Sector Público,6560000.0,3,1973-01-01,1973,1,3,1.0,0.0
165,GUATEMALA,1961,Sector Privado,275000.0,1,1961-01-01,1961,1,-1,0.0,0.1644249408949043
166,GUATEMALA,1990,Sector Público,28600000.0,4,1990-01-01,1990,1,2,1.0,0.0
167,GUATEMALA,1977,Sector Privado,3000000.0,1,1977-01-01,1977,1,7,1.0,0.0
168,COSTA RICA,2004,Sector Privado,34790000.0,9,2004-01-01,2004,1,0,1.0,0.0
169,EL SALVADOR,1982,Sector Público,17800000.0,2,1982-01-01,1982,1,4,1.0,0.0
170,COSTA RICA,2001,Sector Público,130853800.0,3,2001-01-01,2001,1,5,1.0,0.0
171,COSTA RICA,1996,Sector Público,67254960.0,8,1996-01-01,1996,1,-1,0.0,0.03675933574712293
172,GUATEMALA,2012,Sector Privado,86288817.45,5,2012-01-01,2012,1,1,0.9761946050572378,0.02380539494276223
173,COSTA RICA,1987,Sector Público,17200000.0,6,1987-01-01,1987,1,-1,0.0,0.011821927025155146
174,EL SALVADOR,2015,Sector Privado,90000000.0,5,2015-01-01,2015,1,1,0.9761946050572378,0.02380539494276223
175,COSTA RICA,2017,Sector Privado,1350000.0,1,2017-01-01,2017,1,7,1.0,0.0
176,GUATEMALA,2003,Sector Privado,47050000.0,10,2003-01-01,2003,1,-1,0.0,0.14839100316387654
177,COSTA RICA,2014,Sector Privado,21000000.0,4,2014-01-01,2014,1,2,1.0,0.0
178,COSTA RICA,2009,Sector Público,343538203.07,6,2009-01-01,2009,1,-1,0.0,0.052713280340535316
179,EL SALVADOR,2008,Sector Público,284605000.0,5,2008-01-01,2008,1,-1,0.0,6.1987415991939895e-06
180,GUATEMALA,1965,Sector Privado,1751090.0,7,1965-01-01,1965,1,-1,0.0,0.0025018705770355467
181,GUATEMALA,1981,Sector Privado,6300000.0,4,1981-01-01,1981,1,2,0.96818172139109,0.03181827860890999
182,GUATEMALA,2021,Sector Privado,7000000.0,1,2021-01-01,2021,1,8,1.0,0.0
183,GUATEMALA,1963,Sector Público,107000.0,1,1963-01-01,1963,1,-1,0.0,0.44083898767030516
184,GUATEMALA,1969,Sector Privado,1915000.0,4,1969-01-01,1969,1,-1,0.0,9.793834582007515e-05
185,EL SALVADOR,1978,Sector Privado,11020000.0,12,1978-01-01,1978,1,-1,0.0,0.2898099192210323
186,COLOMBIA,2023,Sector Público,250000000.0,1,2023-01-01,2023,1,9,1.0,0.0
187,COSTA RICA,2016,Sector Público,291842413.0,3,2016-01-01,2016,1,5,0.8344711096068889,0.16552889039311114
188,GUATEMALA,1967,Sector Público,6433000.0,2,1967-01-01,1967,1,4,1.0,0.0
189,GUATEMALA,1994,Sector Privado,37259235.0,23,1994-01-01,1994,1,-1,0.0,0.6079109934866034
190,COSTA RICA,2006,Sector Privado,135600000.0,19,2006-01-01,2006,1,-1,0.0,0.6107395423139175
191,EL SALVADOR,1971,Sector Privado,2257157.14,7,1971-01-01,1971,1,-1,0.0,0.0025018705770355467
192,COSTA RICA,1997,Sector Público,92407500.0,3,1997-01-01,1997,1,5,0.5770107837020735,0.42298921629792646
193,GUATEMALA,1968,Sector Privado,1657000.0,5,1968-01-01,1968,1,1,0.9203947813973995,0.07960521860260047
194,GUATEMALA,1999,Sector Público,87274200.0,5,1999-01-01,1999,1,1,0.9761946050572378,0.02380539494276223
195,COSTA RICA,2020,Sector Público,699160000.0,2,2020-01-01,2020,1,-1,0.0,0.025535508459016507
196,EL SALVADOR,1974,Sector Público,4750000.0,5,1974-01-01,1974,1,1,1.0,0.0
197,HONDURAS,2013,Sector Privado,56802700.0,2,2013-01-01,2013,1,6,0.9204522788357208,0.07954772116427924
198,GUATEMALA,1992,Sector Privado,11660000.0,7,1992-01-01,1992,1,-1,0.0,0.006262348499690708
199,HONDURAS,1989,Sector Público,48000000.0,4,1989-01-01,1989,1,2,1.0,0.0
200,GUATEMALA,1995,Sector Privado,98925000.0,36,1995-01-01,1995,1,-1,0.0,0.9230728298112262
201,GUATEMALA,2000,Sector Privado,23500000.0,4,2000-01-01,2000,1,2,1.0,0.0
202,EL SALVADOR,2011,Sector Público,232212173.8,4,2011-01-01,2011,1,2,0.8875434192493269,0.11245658075067308
203,GUATEMALA,1991,Sector Público,5200000.0,2,1991-01-01,1991,1,4,1.0,0.0
204,GUATEMALA,1973,Sector Privado,7391620.0,7,1973-01-01,1973,1,-1,0.0,0.02341744890603082
205,GUATEMALA,2024,Sector Privado,19000000.0,2,2024-01-01,2024,1,4,0.9647546084596607,0.035245391540339344
206,HONDURAS,1990,Sector Público,58900000.0,9,1990-01-01,1990,1,-1,0.0,0.006120006593125978
207,GUATEMALA,1977,Sector Público,11800000.0,5,1977-01-01,1977,1,1,0.9376875372596327,0.062312462740367246
208,COSTA RICA,2004,Sector Público,147000000.0,3,2004-01-01,2004,1,5,1.0,0.0
209,GUATEMALA,1982,Sector Privado,500000.0,1,1982-01-01,1982,1,-1,0.0,0.1576180045970651
210,COSTA RICA,2007,Sector Privado,505200000.0,23,2007-01-01,2007,1,-1,0.0,0.7853135580642064
211,COSTA RICA,2025,Sector Público,815000000.0,2,2025-01-01,2025,1,-1,0.0,0.009169430513518994
212,GUATEMALA,2012,Sector Público,280000000.0,1,2012-01-01,2012,1,9,1.0,0.0
213,COSTA RICA,2022,Sector Público,1190000000.0,3,2022-01-01,2022,1,-1,0.0,0.28456097330448477
214,EL SALVADOR,2015,Sector Público,250521814.0,5,2015-01-01,2015,1,-1,0.0,6.1987415991939895e-06
215,COSTA RICA,2017,Sector Público,214410000.0,3,2017-01-01,2017,1,5,1.0,0.0
216,GUATEMALA,2003,Sector Público,52600000.0,2,2003-01-01,2003,1,6,1.0,0.0
217,COSTA RICA,2014,Sector Público,308000000.0,4,2014-01-01,2014,1,2,0.8875434192493269,0.11245658075067308
218,EL SALVADOR,1975,Sector Privado,3120000.0,4,1975-01-01,1975,1,-1,0.0,0.004065864621317591
219,GUATEMALA,2008,Sector Privado,97894000.0,15,2008-01-01,2008,1,-1,0.0,0.36933957646041193
220,GUATEMALA,1965,Sector Público,437000.0,1,1965-01-01,1965,1,-1,0.0,0.08267232881267796
221,GUATEMALA,1981,Sector Público,19189000.0,4,1981-01-01,1981,1,2,1.0,0.0
222,HONDURAS,2021,Sector Privado,2500000.0,1,2021-01-01,2021,1,7,1.0,0.0
223,HONDURAS,1963,Sector Privado,3767400.0,7,1963-01-01,1963,1,-1,0.0,0.0328340479171915
224,GUATEMALA,1969,Sector Público,5450000.0,3,1969-01-01,1969,1,3,0.8002346395696885,0.19976536043031143
225,EL SALVADOR,1978,Sector Público,24500000.0,1,1978-01-01,1978,1,9,0.900245513776053,0.09975448622394702
226,COSTA RICA,1970,Sector Privado,2410000.0,5,1970-01-01,1970,1,1,0.9372597350731884,0.06274026492681156
227,EL SALVADOR,1993,Sector Privado,18290000.0,13,1993-01-01,1993,1,-1,0.0,0.20535803058929228
228,HONDURAS,1967,Sector Privado,721300.0,4,1967-01-01,1967,1,-1,0.0,0.1309790014303437
229,GUATEMALA,1994,Sector Público,46883400.0,3,1994-01-01,1994,1,3,0.6338685889745357,0.36613141102546426
230,COSTA RICA,2006,Sector Público,613265400.0,9,2006-01-01,2006,1,-1,0.0,0.5936642788708045
231,EL SALVADOR,1971,Sector Público,2600000.0,2,1971-01-01,1971,1,-1,0.0,0.005528127963318365
232,COSTA RICA,2005,Sector Privado,49089300.0,6,2005-01-01,2005,1,0,0.999496912455134,0.000503087544866029
233,GUATEMALA,1968,Sector Público,5767000.0,2,1968-01-01,1968,1,4,1.0,0.0
234,HONDURAS,1999,Sector Privado,18848000.0,3,1999-01-01,1999,1,3,1.0,0.0
235,EL SALVADOR,2018,Sector Público,283500000.0,3,2018-01-01,2018,1,5,0.8344711096068889,0.16552889039311114
236,EL SALVADOR,1984,Sector Público,7600000.0,1,1984-01-01,1984,1,8,1.0,0.0
237,HONDURAS,2013,Sector Público,103000000.0,4,2013-01-01,2013,1,2,1.0,0.0
238,HONDURAS,1992,Sector Privado,14705167.0,14,1992-01-01,1992,1,-1,0.0,0.5223873478560912
239,NICARAGUA,1989,Sector Público,4650000.0,5,1989-01-01,1989,1,1,0.9516201867885163,0.04837981321148365
240,GUATEMALA,1995,Sector Público,12000000.0,3,1995-01-01,1995,1,3,1.0,0.0
241,GUATEMALA,2000,Sector Público,52500000.0,2,2000-01-01,2000,1,6,1.0,0.0
242,GUATEMALA,2011,Sector Privado,64650000.0,4,2011-01-01,2011,1,2,1.0,0.0
243,HONDURAS,1991,Sector Público,54100000.0,8,1991-01-01,1991,1,-1,0.0,0.003519324955898949
244,GUATEMALA,1973,Sector Público,11361000.0,5,1973-01-01,1973,1,1,1.0,0.0
245,HONDURAS,2024,Sector Público,476300000.0,3,2024-01-01,2024,1,5,0.7406698466411384,0.25933015335886156
246,NICARAGUA,1990,Sector Público,30000000.0,3,1990-01-01,1990,1,3,0.7174620879112737,0.2825379120887263
247,HONDURAS,1977,Sector Privado,3328000.0,6,1977-01-01,1977,1,-1,0.0,0.0025018705770355467
248,COSTA RICA,2019,Sector Público,640055000.0,2,2019-01-01,2019,1,6,0.6267101085863502,0.37328989141364977
249,GUATEMALA,1982,Sector Público,36100000.0,3,1982-01-01,1982,1,3,0.7174620879112737,0.2825379120887263
250,COSTA RICA,2007,Sector Público,145000000.0,2,2007-01-01,2007,1,6,1.0,0.0
251,EL SALVADOR,1996,Sector Privado,54254000.0,18,1996-01-01,1996,1,-1,0.0,0.5130312793605672
252,HONDURAS,2012,Sector Privado,24400000.0,1,2012-01-01,2012,1,9,0.9168759082966182,0.08312409170338175
253,CUBA,2022,Sector Público,50000000.0,1,2022-01-01,2022,1,9,1.0,0.0
254,GUATEMALA,2015,Sector Privado,10000000.0,1,2015-01-01,2015,1,8,0.9075962455273585,0.09240375447264144
255,EL SALVADOR,1964,Sector Privado,451500.0,3,1964-01-01,1964,1,-1,0.0,0.08267232881267796
256,HONDURAS,2003,Sector Privado,129896660.0,17,2003-01-01,2003,1,-1,0.0,0.5458740988596377
257,EL SALVADOR,2002,Sector Privado,79080000.0,10,2002-01-01,2002,1,-1,0.0,0.02734649871338108
258,EL SALVADOR,1975,Sector Público,18320000.0,3,1975-01-01,1975,1,3,1.0,0.0
259,GUATEMALA,2008,Sector Público,278000000.0,3,2008-01-01,2008,1,5,0.818452166282005,0.181547833717995
260,HONDURAS,1965,Sector Privado,1630467.0,7,1965-01-01,1965,1,-1,0.0,0.051115562040128106
261,HONDURAS,1981,Sector Privado,5952200.0,4,1981-01-01,1981,1,2,0.96818172139109,0.03181827860890999
262,HONDURAS,2021,Sector Público,717766365.18,6,2021-01-01,2021,1,-1,0.0,0.3920111853136613
263,HONDURAS,1963,Sector Público,349500.0,2,1963-01-01,1963,1,-1,0.0,0.08267232881267796
264,HONDURAS,1969,Sector Privado,2575300.0,11,1969-01-01,1969,1,-1,0.0,0.5626156101875227
265,EL SALVADOR,1980,Sector Privado,7480000.0,3,1980-01-01,1980,1,3,1.0,0.0
266,COSTA RICA,1970,Sector Público,3021100.0,1,1970-01-01,1970,1,7,1.0,0.0
267,EL SALVADOR,1993,Sector Público,61819000.0,4,1993-01-01,1993,1,2,1.0,0.0
268,HONDURAS,1967,Sector Público,1175680.0,3,1967-01-01,1967,1,-1,0.0,0.0236388974867121
269,HONDURAS,1994,Sector Privado,40951800.0,21,1994-01-01,1994,1,-1,0.0,0.6079109934866034
270,EL SALVADOR,1962,Sector Privado,1546000.0,4,1962-01-01,1962,1,-1,0.0,0.014266399281527472
271,GUATEMALA,1971,Sector Privado,4033000.0,10,1971-01-01,1971,1,-1,0.0,0.34633059645994424
272,COSTA RICA,2005,Sector Público,416970508.18,7,2005-01-01,2005,1,-1,0.0,0.302569394099154
273,HONDURAS,1968,Sector Privado,804800.0,6,1968-01-01,1968,1,-1,0.0,0.21507652075411332
274,NICARAGUA,1999,Sector Privado,20500000.0,7,1999-01-01,1999,1,-1,0.0,0.009516945741925758
275,EL SALVADOR,2020,Sector Público,615200000.0,4,2020-01-01,2020,1,2,0.8875434192493269,0.11245658075067308
276,GUATEMALA,1974,Sector Privado,4815000.0,6,1974-01-01,1974,1,-1,0.0,7.277456911370117e-07
277,NICARAGUA,2013,Sector Privado,3000000.0,1,2013-01-01,2013,1,7,1.0,0.0
278,HONDURAS,1992,Sector Público,75072000.0,9,1992-01-01,1992,1,-1,0.0,0.003519324955898949
279,HONDURAS,1995,Sector Privado,57755000.0,18,1995-01-01,1995,1,-1,0.0,0.5054411043939409
280,HONDURAS,2000,Sector Privado,34431050.0,5,2000-01-01,2000,1,1,1.0,0.0
281,GUATEMALA,2011,Sector Público,119400000.0,1,2011-01-01,2011,1,9,1.0,0.0834141730932099
282,NICARAGUA,1991,Sector Público,67200000.0,5,1991-01-01,1991,1,1,0.9761946050572378,0.02380539494276223
283,HONDURAS,1973,Sector Privado,6340800.0,10,1973-01-01,1973,1,-1,0.0,0.3063294359247097
284,NICARAGUA,2024,Sector Público,130000000.0,1,2024-01-01,2024,1,9,1.0,0.0
285,HONDURAS,1977,Sector Público,16790000.0,8,1977-01-01,1977,1,-1,0.0,0.0777797346330838
286,EL SALVADOR,1966,Sector Privado,618400.0,4,1966-01-01,1966,1,-1,0.0,0.17044208293125052
287,HONDURAS,1982,Sector Privado,500000.0,1,1982-01-01,1982,1,-1,0.0,0.1576180045970651
288,EL SALVADOR,2001,Sector Privado,12800000.0,14,2001-01-01,2001,1,-1,0.0,0.5084029644495976
289,EL SALVADOR,1996,Sector Público,132163530.0,7,1996-01-01,1996,1,-1,0.0,0.5024353309670623
290,HONDURAS,2012,Sector Público,356337976.09000003,8,2012-01-01,2012,1,-1,0.0,0.4998221340264252
291,EL SALVADOR,1987,Sector Público,49800000.0,7,1987-01-01,1987,1,0,0.999496912455134,0.000503087544866029
292,GUATEMALA,2015,Sector Público,370000000.0,2,2015-01-01,2015,1,6,0.6267101085863502,0.37328989141364977
293,EL SALVADOR,1964,Sector Público,1271000.0,2,1964-01-01,1964,1,-1,0.0,0.009423466155011858
294,HONDURAS,2003,Sector Público,62927243.47,5,2003-01-01,2003,1,1,0.9761946050572378,0.02380539494276223
295,EL SALVADOR,2002,Sector Público,32500000.0,2,2002-01-01,2002,1,6,0.5588996595841673,0.4411003404158327
296,EL SALVADOR,2009,Sector Privado,1000000.0,1,2009-01-01,2009,1,7,1.0,0.0
297,HONDURAS,2008,Sector Privado,71900000.0,14,2008-01-01,2008,1,-1,0.0,0.14944050337891834
298,HONDURAS,1965,Sector Público,1431090.0,8,1965-01-01,1965,1,-1,0.0,0.3306065585154543
299,HONDURAS,1981,Sector Público,29969350.0,9,1981-01-01,1981,1,0,1.0,0.0
300,NICARAGUA,2021,Sector Privado,8000000.0,1,2021-01-01,2021,1,8,1.0,0.0
301,NICARAGUA,1963,Sector Privado,1044848.57,6,1963-01-01,1963,1,-1,0.0,0.03581200006026078
302,HONDURAS,1969,Sector Público,11377600.0,7,1969-01-01,1969,1,-1,0.0,0.0013743409483407902
303,EL SALVADOR,1980,Sector Público,56237000.0,9,1980-01-01,1980,1,-1,0.0,0.003519324955898949
304,COSTA RICA,1972,Sector Privado,3365950.0,7,1972-01-01,1972,1,-1,0.0,0.0025018705770355467
305,EL SALVADOR,2016,Sector Privado,2125000.0,1,2016-01-01,2016,1,7,1.0,0.0
306,NICARAGUA,1967,Sector Privado,5547300.0,8,1967-01-01,1967,1,-1,0.0,0.1960410243242967
307,HONDURAS,1994,Sector Público,34765000.0,7,1994-01-01,1994,1,0,0.999496912455134,0.000503087544866029
308,EL SALVADOR,1976,Sector Privado,2525000.0,7,1976-01-01,1976,1,-1,0.0,0.0025018705770355467
309,GUATEMALA,1971,Sector Público,8658000.0,4,1971-01-01,1971,1,2,0.96818172139109,0.03181827860890999
310,EL SALVADOR,1979,Sector Privado,2416000.0,3,1979-01-01,1979,1,-1,0.0,0.00020865079414520533
311,HONDURAS,1968,Sector Público,10752000.0,7,1968-01-01,1968,1,-1,0.0,0.0007908905646928229
312,GUATEMALA,2018,Sector Público,193200000.0,1,2018-01-01,2018,1,9,0.9308788613078814,0.06912113869211851
313,GUATEMALA,1974,Sector Público,10800000.0,5,1974-01-01,1974,1,1,1.0,0.0
314,NICARAGUA,2013,Sector Público,363545473.0,5,2013-01-01,2013,1,-1,0.0,6.1987415991939895e-06
315,NICARAGUA,1992,Sector Privado,900000.0,3,1992-01-01,1992,1,-1,0.0,0.08267232881267796
316,HONDURAS,1995,Sector Público,8000000.0,3,1995-01-01,1995,1,3,1.0,0.0
317,HONDURAS,2000,Sector Público,1500000.0,1,2000-01-01,2000,1,7,0.8992897598060422,0.10071024019395784
318,HONDURAS,2011,Sector Público,392236000.0,5,2011-01-01,2011,1,-1,0.0,0.00016400045752758852
319,HONDURAS,1973,Sector Público,12940000.0,4,1973-01-01,1973,1,2,0.8390760756961252,0.16092392430387484
320,PANAMÁ,2024,Sector Público,240000000.0,1,2024-01-01,2024,1,9,1.0,0.0
321,NICARAGUA,1977,Sector Privado,7800000.0,4,1977-01-01,1977,1,2,0.96818172139109,0.03181827860890999
322,EL SALVADOR,1966,Sector Público,6040000.0,5,1966-01-01,1966,1,1,1.0,0.0
323,HONDURAS,1982,Sector Público,40294000.0,6,1982-01-01,1982,1,0,0.999496912455134,0.000503087544866029
324,EL SALVADOR,2001,Sector Público,217400000.0,3,2001-01-01,2001,1,5,1.0,0.0
325,EL SALVADOR,2025,Sector Público,350000000.0,3,2025-01-01,2025,1,5,0.8344711096068889,0.16552889039311114
326,NICARAGUA,2012,Sector Público,253044054.79,5,2012-01-01,2012,1,-1,0.0,6.1987415991939895e-06
327,EL SALVADOR,2022,Sector Privado,60000000.0,1,2022-01-01,2022,1,9,1.0,0.10861373474132661
328,HONDURAS,2015,Sector Privado,46000000.0,2,2015-01-01,2015,1,6,0.9204522788357208,0.07954772116427924
329,EL SALVADOR,2017,Sector Privado,61306842.25,1,2017-01-01,2017,1,9,0.9043877919450923,0.09561220805490771
330,NICARAGUA,2003,Sector Privado,42905100.0,14,2003-01-01,2003,1,-1,0.0,0.25040403212791357
331,EL SALVADOR,2014,Sector Privado,14250000.0,3,2014-01-01,2014,1,3,1.0,0.0
332,EL SALVADOR,2009,Sector Público,293433870.0,2,2009-01-01,2009,1,6,0.6267101085863502,0.37328989141364977
333,HONDURAS,2008,Sector Público,202006000.0,5,2008-01-01,2008,1,-1,0.0,6.1987415991939895e-06
334,NICARAGUA,1965,Sector Privado,3942000.0,6,1965-01-01,1965,1,-1,0.0,7.277456911370117e-07
335,NICARAGUA,1981,Sector Privado,4400000.0,1,1981-01-01,1981,1,8,1.0,0.0
336,NICARAGUA,2021,Sector Público,804903013.99,7,2021-01-01,2021,1,-1,0.0,0.5276455130355886
337,NICARAGUA,1969,Sector Privado,1015356.0,8,1969-01-01,1969,1,-1,0.0,0.4996054500177059
338,GUATEMALA,1978,Sector Privado,1700000.0,4,1978-01-01,1978,1,-1,0.0,0.0007180081133047282
339,COSTA RICA,1972,Sector Público,13976200.0,8,1972-01-01,1972,1,0,0.9988248324175102,0.0011751675824897656
340,EL SALVADOR,2016,Sector Público,383647251.84,4,2016-01-01,2016,1,2,0.8875434192493269,0.11245658075067308
341,NICARAGUA,1967,Sector Público,4291000.0,3,1967-01-01,1967,1,-1,0.0,0.08826320484170158
342,NICARAGUA,1994,Sector Privado,19003900.0,12,1994-01-01,1994,1,-1,0.0,0.2588609231063086
343,EL SALVADOR,1976,Sector Público,15300000.0,2,1976-01-01,1976,1,4,1.0,0.0
344,GUATEMALA,1983,Sector Público,6900000.0,1,1983-01-01,1983,1,8,1.0,0.0
345,EL SALVADOR,1979,Sector Público,41850000.0,6,1979-01-01,1979,1,0,0.999496912455134,0.000503087544866029
346,NICARAGUA,1968,Sector Privado,534714.0,3,1968-01-01,1968,1,-1,0.0,0.08267232881267796
347,GUATEMALA,2020,Sector Privado,1500000.0,1,2020-01-01,2020,1,7,0.8992897598060422,0.10071024019395784
348,GUATEMALA,1984,Sector Público,1200000.0,1,1984-01-01,1984,1,7,1.0,0.0
349,PANAMÁ,2013,Sector Privado,10000000.0,1,2013-01-01,2013,1,8,0.9075962455273585,0.09240375447264144
350,NICARAGUA,1992,Sector Público,63977012.0,9,1992-01-01,1992,1,-1,0.0,0.003519324955898949
351,NICARAGUA,1995,Sector Privado,7875000.0,4,1995-01-01,1995,1,2,0.96818172139109,0.03181827860890999
352,NICARAGUA,2000,Sector Privado,15100000.0,6,2000-01-01,2000,1,-1,0.0,7.277456911370117e-07
353,NICARAGUA,2011,Sector Privado,72200000.0,2,2011-01-01,2011,1,6,1.0,0.0
354,NICARAGUA,1973,Sector Privado,1570671.0,7,1973-01-01,1973,1,-1,0.0,0.026362191891433982
355,REPÚBLICA DOMINICANA,2024,Sector Público,100000000.0,1,2024-01-01,2024,1,9,1.0,0.0834141730932099
356,NICARAGUA,1977,Sector Público,20210000.0,8,1977-01-01,1977,1,0,1.0,0.0
357,EL SALVADOR,2004,Sector Privado,67500000.0,12,2004-01-01,2004,1,-1,0.0,0.08154498903661964
358,NICARAGUA,1982,Sector Público,19700000.0,4,1982-01-01,1982,1,2,1.0,0.0
359,EL SALVADOR,2007,Sector Privado,120215000.0,8,2007-01-01,2007,1,-1,0.0,0.0941452446907674
360,GUATEMALA,1996,Sector Privado,75665700.0,23,1996-01-01,1996,1,-1,0.0,0.6079109934866034
361,EL SALVADOR,2022,Sector Público,836000000.0,5,2022-01-01,2022,1,-1,0.0,0.14673825989759656
362,HONDURAS,2015,Sector Público,212300000.0,2,2015-01-01,2015,1,6,0.8738108927980304,0.12618910720196963
363,EL SALVADOR,2017,Sector Público,246000000.0,2,2017-01-01,2017,1,6,0.8738108927980304,0.12618910720196963
364,NICARAGUA,2003,Sector Público,21790000.0,4,2003-01-01,2003,1,2,1.0,0.0
365,EL SALVADOR,2014,Sector Público,296887500.0,5,2014-01-01,2014,1,-1,0.0,6.1987415991939895e-06
366,GUATEMALA,1975,Sector Privado,11110000.0,6,1975-01-01,1975,1,-1,0.0,7.277456911370117e-07
367,NICARAGUA,2008,Sector Privado,107150000.0,12,2008-01-01,2008,1,-1,0.0,0.30806350561925455
368,NICARAGUA,1965,Sector Público,2000000.0,1,1965-01-01,1965,1,7,1.0,0.0
369,NICARAGUA,1981,Sector Público,43250000.0,6,1981-01-01,1981,1,0,0.999496912455134,0.000503087544866029
370,PANAMÁ,2021,Sector Privado,125000000.0,1,2021-01-01,2021,1,9,1.0,0.0
371,NICARAGUA,1969,Sector Público,5720537.0,7,1969-01-01,1969,1,-1,0.0,0.0005815949564111365
372,GUATEMALA,1978,Sector Público,48790000.0,8,1978-01-01,1978,1,0,1.0,0.0
373,COSTA RICA,2010,Sector Privado,35760000.0,9,2010-01-01,2010,1,0,1.0,0.0
374,GUATEMALA,1993,Sector Privado,38556600.0,31,1993-01-01,1993,1,-1,0.0,0.8748232153650116
375,NICARAGUA,1994,Sector Público,75129872.0,9,1994-01-01,1994,1,-1,0.0,0.003519324955898949
376,EL SALVADOR,1998,Sector Privado,28900000.0,8,1998-01-01,1998,1,0,1.0,0.0
377,HONDURAS,1971,Sector Privado,6223272.0,20,1971-01-01,1971,1,-1,0.0,0.7836905377587804
378,EL SALVADOR,1997,Sector Privado,55147400.0,15,1997-01-01,1997,1,-1,0.0,0.1743356950990773
379,NICARAGUA,1968,Sector Público,4000000.0,1,1968-01-01,1968,1,8,0.9075963472103473,0.09240365278965265
380,HONDURAS,2018,Sector Privado,40000000.0,3,2018-01-01,2018,1,3,0.7174620879112737,0.2825379120887263
381,HONDURAS,1974,Sector Privado,6857000.0,13,1974-01-01,1974,1,-1,0.0,0.47282800455009305
382,REPÚBLICA DOMINICANA,2013,Sector Público,80200000.0,1,2013-01-01,2013,1,9,1.0,0.09626802224204549
383,NICARAGUA,1995,Sector Público,15600000.0,4,1995-01-01,1995,1,2,1.0,0.0
384,NICARAGUA,2011,Sector Público,90234985.0,5,2011-01-01,2011,1,1,0.9761946050572378,0.02380539494276223
385,NICARAGUA,1973,Sector Público,14255857.0,9,1973-01-01,1973,1,-1,0.0,0.09835333997608335
386,EL SALVADOR,2004,Sector Público,155625000.0,3,2004-01-01,2004,1,5,1.0,0.0
387,EL SALVADOR,2007,Sector Público,351500000.0,7,2007-01-01,2007,1,-1,0.0,0.13689658077360173
388,GUATEMALA,1996,Sector Público,130971000.0,3,1996-01-01,1996,1,5,1.0,0.0
389,GUATEMALA,1987,Sector Privado,1200000.0,1,1987-01-01,1987,1,7,1.0,0.0
390,NICARAGUA,2015,Sector Privado,40000000.0,1,2015-01-01,2015,1,9,1.0,0.0
391,GUATEMALA,1964,Sector Privado,390000.0,2,1964-01-01,1964,1,-1,0.0,0.08267232881267796
392,GUATEMALA,2002,Sector Privado,104054179.0,9,2002-01-01,2002,1,-1,0.0,0.003519324955898949
393,GUATEMALA,1975,Sector Público,16140000.0,5,1975-01-01,1975,1,1,1.0,0.0
394,NICARAGUA,2008,Sector Público,161893879.0,4,2008-01-01,2008,1,2,0.9423797001570663,0.05762029984293375
395,REPÚBLICA DOMINICANA,2021,Sector Público,410000000.0,2,2021-01-01,2021,1,6,0.5804473730341776,0.41955262696582235
396,GUATEMALA,1980,Sector Privado,8200000.0,3,1980-01-01,1980,1,3,1.0,0.0
397,COSTA RICA,2010,Sector Público,182693958.0,3,2010-01-01,2010,1,5,1.0,0.0
398,GUATEMALA,1993,Sector Público,70800000.0,3,1993-01-01,1993,1,-1,0.0,6.80841797360038e-05
399,EL SALVADOR,1998,Sector Público,177771000.0,3,1998-01-01,1998,1,5,1.0,0.0
400,HONDURAS,1971,Sector Público,3475000.0,5,1971-01-01,1971,1,1,0.9777527639471678,0.02224723605283222
401,EL SALVADOR,1997,Sector Público,106908000.0,3,1997-01-01,1997,1,5,0.7270561415747075,0.27294385842529245
402,HONDURAS,2018,Sector Público,44262590.7,1,2018-01-01,2018,1,9,1.0,0.0
403,HONDURAS,1974,Sector Público,16355000.0,11,1974-01-01,1974,1,-1,0.0,0.21829635307287729
404,PANAMÁ,2011,Sector Privado,25000000.0,1,2011-01-01,2011,1,9,1.0,0.19006034052965554
405,EL SALVADOR,2019,Sector Privado,45000000.0,1,2019-01-01,2019,1,9,1.0,0.0
406,GUATEMALA,2001,Sector Privado,29300000.0,3,2001-01-01,2001,1,3,0.7174620879112737,0.2825379120887263
407,GUATEMALA,2025,Sector Privado,115000000.0,2,2025-01-01,2025,1,6,1.0,0.0
408,GUATEMALA,1987,Sector Público,26620000.0,5,1987-01-01,1987,1,1,1.0,0.0
409,NICARAGUA,2015,Sector Público,156016547.10000002,4,2015-01-01,2015,1,2,1.0,0.0
410,GUATEMALA,1964,Sector Público,20000.0,1,1964-01-01,1964,1,-1,0.0,0.7840030557611231
411,GUATEMALA,2002,Sector Público,40467835.0,2,2002-01-01,2002,1,6,0.8855055410931577,0.11449445890684229
412,GUATEMALA,2009,Sector Privado,2594200.0,4,2009-01-01,2009,1,-1,0.0,0.006217549334124923
413,PANAMÁ,2008,Sector Privado,30100000.0,1,2008-01-01,2008,1,9,1.0,0.0
414,GUATEMALA,1980,Sector Público,33640000.0,8,1980-01-01,1980,1,0,1.0,0.0
415,COSTA RICA,2023,Sector Público,1000000000.0,3,2023-01-01,2023,1,-1,0.0,0.11489253733736039
416,GUATEMALA,2016,Sector Público,300000000.0,1,2016-01-01,2016,1,9,0.9999999853738265,1.4626173466536075e-08
417,EL SALVADOR,2006,Sector Privado,158210440.0,21,2006-01-01,2006,1,-1,0.0,0.637755960197168
418,HONDURAS,1983,Sector Público,7560000.0,3,1983-01-01,1983,1,3,1.0,0.0
419,EL SALVADOR,2005,Sector Privado,43850000.0,13,2005-01-01,2005,1,-1,0.0,0.08154498903661964
420,HONDURAS,2020,Sector Privado,111718430.0,4,2020-01-01,2020,1,2,1.0,0.0
421,HONDURAS,1984,Sector Público,14100000.0,2,1984-01-01,1984,1,4,1.0,0.0
422,EL SALVADOR,2019,Sector Público,531162715.48,5,2019-01-01,2019,1,-1,0.0,0.04709692451821185
423,GUATEMALA,2001,Sector Público,97651252.0,4,2001-01-01,2001,1,2,1.0,0.0
424,GUATEMALA,2025,Sector Público,60000000.0,1,2025-01-01,2025,1,9,1.0,0.10861373474132661
425,GUATEMALA,2022,Sector Privado,100000000.0,1,2022-01-01,2022,1,9,1.0,0.0834141730932099
426,PANAMÁ,2015,Sector Privado,20000000.0,1,2015-01-01,2015,1,9,1.0,0.19006034052965554
427,GUATEMALA,2017,Sector Privado,37000000.0,2,2017-01-01,2017,1,6,0.8917847011589163,0.10821529884108375
428,GUATEMALA,2014,Sector Privado,56607000.0,3,2014-01-01,2014,1,-1,0.0,3.9877917349654014e-05
429,GUATEMALA,2009,Sector Público,143121400.0,3,2009-01-01,2009,1,5,1.0,0.0
430,HONDURAS,1978,Sector Privado,3250000.0,3,1978-01-01,1978,1,-1,0.0,0.004065864621317591
431,EL SALVADOR,1970,Sector Privado,5478600.0,6,1970-01-01,1970,1,-1,0.0,0.0007700911375447787
432,HONDURAS,1993,Sector Privado,11487100.0,13,1993-01-01,1993,1,-1,0.0,0.24992317947136458
433,EL SALVADOR,2006,Sector Público,275000000.0,3,2006-01-01,2006,1,5,0.8344711096068889,0.16552889039311114
434,NICARAGUA,1971,Sector Privado,2825000.0,8,1971-01-01,1971,1,-1,0.0,0.0431207979137626
435,EL SALVADOR,2005,Sector Público,232528347.75,5,2005-01-01,2005,1,-1,0.0,6.1987415991939895e-06
436,HONDURAS,2020,Sector Público,846779622.95,6,2020-01-01,2020,1,-1,0.0,0.5140662197694115
437,NICARAGUA,1974,Sector Privado,2800000.0,3,1974-01-01,1974,1,-1,0.0,0.0003627247761634799
438,GUATEMALA,1966,Sector Privado,4211080.0,14,1966-01-01,1966,1,-1,0.0,0.6728562791576914
439,GUATEMALA,2007,Sector Privado,567905000.0,19,2007-01-01,2007,1,-1,0.0,0.767621347069268
440,HONDURAS,1996,Sector Privado,58400000.0,14,1996-01-01,1996,1,-1,0.0,0.09535572196435416
441,GUATEMALA,2022,Sector Público,170000000.0,1,2022-01-01,2022,1,9,1.0,0.0
442,PANAMÁ,2015,Sector Público,200000000.0,1,2015-01-01,2015,1,9,1.0,0.0
443,GUATEMALA,2017,Sector Público,100000000.0,1,2017-01-01,2017,1,9,1.0,0.0834141730932099
444,GUATEMALA,2014,Sector Público,250000000.0,1,2014-01-01,2014,1,9,1.0,0.0
445,HONDURAS,1975,Sector Privado,19215089.0,18,1975-01-01,1975,1,-1,0.0,0.5259906289593757
446,HONDURAS,1978,Sector Público,28080000.0,8,1978-01-01,1978,1,0,1.0,0.0
447,EL SALVADOR,1970,Sector Público,2397000.0,4,1970-01-01,1970,1,-1,0.0,9.793834582007515e-05
448,HONDURAS,1993,Sector Público,86941000.0,9,1993-01-01,1993,1,-1,0.0,0.003519324955898949
449,GUATEMALA,1962,Sector Privado,190000.0,2,1962-01-01,1962,1,-1,0.0,0.35543763807007916
450,NICARAGUA,1971,Sector Público,11077486.0,10,1971-01-01,1971,1,-1,0.0,0.1613818577784858
451,GUATEMALA,1979,Sector Privado,2250000.0,5,1979-01-01,1979,1,-1,0.0,0.0037868772905568144
452,NICARAGUA,2018,Sector Público,365114696.0,3,2018-01-01,2018,1,5,0.7570174484323245,0.2429825515676754
453,NICARAGUA,1974,Sector Público,22287000.0,12,1974-01-01,1974,1,-1,0.0,0.20535803058929228
454,GUATEMALA,1966,Sector Público,4352000.0,2,1966-01-01,1966,1,-1,0.0,0.00040261539566893213
455,HONDURAS,2001,Sector Privado,8795064.0,5,2001-01-01,2001,1,1,1.0,0.0
456,HONDURAS,1996,Sector Público,15910000.0,1,1996-01-01,1996,1,9,0.9025887806067637,0.09741121939323627
457,HONDURAS,1987,Sector Público,30478300.0,8,1987-01-01,1987,1,0,1.0,0.0
458,HONDURAS,1964,Sector Privado,653000.0,3,1964-01-01,1964,1,-1,0.0,0.08267232881267796
459,HONDURAS,2002,Sector Privado,15800000.0,3,2002-01-01,2002,1,3,1.0,0.0
460,HONDURAS,1975,Sector Público,26194000.0,10,1975-01-01,1975,1,-1,0.0,0.05428615990040146
461,HONDURAS,1980,Sector Privado,5642500.0,6,1980-01-01,1980,1,-1,0.0,7.277456911370117e-07
462,EL SALVADOR,1972,Sector Privado,301360.0,2,1972-01-01,1972,1,-1,0.0,0.16101727552295986
463,HONDURAS,2016,Sector Privado,40000000.0,1,2016-01-01,2016,1,9,1.0,0.0
464,GUATEMALA,1976,Sector Privado,6050000.0,4,1976-01-01,1976,1,2,0.96818172139109,0.03181827860890999
465,NICARAGUA,1983,Sector Público,13280000.0,3,1983-01-01,1983,1,3,1.0,0.0
466,GUATEMALA,1979,Sector Público,8100000.0,1,1979-01-01,1979,1,8,1.0,0.0
467,NICARAGUA,2020,Sector Público,698696935.0,4,2020-01-01,2020,1,-1,0.0,0.026469966782612004
468,GUATEMALA,2004,Sector Privado,31125000.0,7,2004-01-01,2004,1,0,0.999496912455134,0.000503087544866029
469,HONDURAS,2001,Sector Público,37425000.0,5,2001-01-01,2001,1,1,1.0,0.0
470,HONDURAS,2025,Sector Público,465000000.0,2,2025-01-01,2025,1,6,0.6267101085863502,0.37328989141364977
471,HONDURAS,2022,Sector Privado,15000000.0,1,2022-01-01,2022,1,9,0.7712784243761408,0.22872157562385917
472,HONDURAS,1964,Sector Público,654000.0,2,1964-01-01,1964,1,-1,0.0,0.17755851265967565
473,HONDURAS,2002,Sector Público,25912285.0,3,2002-01-01,2002,1,3,0.7174620879112737,0.2825379120887263
474,HONDURAS,2009,Sector Privado,5500000.0,2,2009-01-01,2009,1,4,1.0,0.0
475,HONDURAS,1980,Sector Público,39000000.0,7,1980-01-01,1980,1,0,0.999496912455134,0.000503087544866029
476,EL SALVADOR,1972,Sector Público,6730000.0,4,1972-01-01,1972,1,2,0.96818172139109,0.03181827860890999
477,HONDURAS,2016,Sector Público,62182437.78,2,2016-01-01,2016,1,6,1.0,0.0
478,GUATEMALA,1976,Sector Público,27120000.0,5,1976-01-01,1976,1,1,1.0,0.0
479,GUATEMALA,1997,Sector Privado,41337000.0,13,1997-01-01,1997,1,-1,0.0,0.08969065450298579
480,PANAMÁ,2018,Sector Privado,141000000.0,3,2018-01-01,2018,1,5,1.0,0.0
481,GUATEMALA,2004,Sector Público,57635000.0,2,2004-01-01,2004,1,6,0.9437779333875035,0.05622206661249651
482,HONDURAS,2007,Sector Privado,86852100.0,22,2007-01-01,2007,1,-1,0.0,0.6079109934866034
483,NICARAGUA,1996,Sector Privado,11737565.0,11,1996-01-01,1996,1,-1,0.0,0.1613818577784858
484,HONDURAS,2022,Sector Público,470000000.0,2,2022-01-01,2022,1,6,0.6267101085863502,0.37328989141364977
485,HONDURAS,2017,Sector Privado,30472000.0,1,2017-01-01,2017,1,9,1.0,0.0
486,HONDURAS,2014,Sector Privado,88700000.0,4,2014-01-01,2014,1,2,1.0,0.0
487,HONDURAS,2009,Sector Público,90000000.0,1,2009-01-01,2009,1,9,1.0,0.0834141730932099
488,NICARAGUA,1978,Sector Privado,1400000.0,3,1978-01-01,1978,1,-1,0.0,0.02846102089644074
489,EL SALVADOR,2010,Sector Privado,6325000.0,9,2010-01-01,2010,1,-1,0.0,0.3098627969484544
490,MÉXICO,2016,Sector Público,150000000.0,1,2016-01-01,2016,1,9,1.0,0.0
491,GUATEMALA,1998,Sector Privado,63237300.0,13,1998-01-01,1998,1,-1,0.0,0.08154498903661964
492,GUATEMALA,1997,Sector Público,177159773.0,6,1997-01-01,1997,1,-1,0.0,0.201988080465546
493,PANAMÁ,2018,Sector Público,660000000.0,4,2018-01-01,2018,1,2,0.8875434192493269,0.11245658075067308
494,GUATEMALA,2019,Sector Privado,60000000.0,1,2019-01-01,2019,1,9,1.0,0.10861373474132661
495,HONDURAS,2007,Sector Público,75500000.0,2,2007-01-01,2007,1,6,1.0,0.0
496,NICARAGUA,2025,Sector Público,235000000.0,1,2025-01-01,2025,1,9,1.0,0.0
497,NICARAGUA,2022,Sector Público,200000000.0,1,2022-01-01,2022,1,9,1.0,0.0
498,HONDURAS,2017,Sector Público,236834740.0,2,2017-01-01,2017,1,6,0.8738108927980304,0.12618910720196963
499,HONDURAS,2014,Sector Público,122044117.73,2,2014-01-01,2014,1,6,1.0,0.0
500,NICARAGUA,1975,Sector Privado,21890000.0,10,1975-01-01,1975,1,-1,0.0,0.20048074984608372
501,NICARAGUA,1978,Sector Público,28471000.0,7,1978-01-01,1978,1,0,0.999496912455134,0.000503087544866029
502,EL SALVADOR,2010,Sector Público,126540000.0,4,2010-01-01,2010,1,2,1.0,0.0
503,NICARAGUA,1993,Sector Privado,1500000.0,2,1993-01-01,1993,1,-1,0.0,0.0
504,GUATEMALA,1998,Sector Público,314750000.0,9,1998-01-01,1998,1,-1,0.0,0.5294476247997817
505,GUATEMALA,2005,Sector Privado,105095000.0,11,2005-01-01,2005,1,-1,0.0,0.19342027915532037
506,PANAMÁ,2020,Sector Público,400000000.0,2,2020-01-01,2020,1,6,0.6267101085863502,0.37328989141364977
507,GUATEMALA,2019,Sector Público,285700000.0,1,2019-01-01,2019,1,9,1.0,0.0
508,NICARAGUA,2001,Sector Privado,19350000.0,8,2001-01-01,2001,1,0,1.0,0.0
509,PANAMÁ,2025,Sector Privado,33200000.0,2,2025-01-01,2025,1,6,0.5954232477841405,0.4045767522158596
510,PANAMÁ,2022,Sector Privado,85000000.0,2,2022-01-01,2022,1,6,1.0,0.0
511,NICARAGUA,1964,Sector Privado,1317700.0,6,1964-01-01,1964,1,-1,0.0,0.08825688345362083
512,NICARAGUA,2002,Sector Privado,50043635.74,18,2002-01-01,2002,1,-1,0.0,0.5184386148393859
513,NICARAGUA,1975,Sector Público,17184000.0,8,1975-01-01,1975,1,-1,0.0,0.056691903645056906
514,NICARAGUA,1980,Sector Público,65285000.0,16,1980-01-01,1980,1,-1,0.0,0.5031214305552084
515,GUATEMALA,1970,Sector Privado,2507184.0,7,1970-01-01,1970,1,-1,0.0,0.0025018705770355467
516,NICARAGUA,1993,Sector Público,66265800.0,8,1993-01-01,1993,1,-1,0.0,0.042067880447749825
517,GUATEMALA,2006,Sector Privado,377049000.0,28,2006-01-01,2006,1,-1,0.0,0.8459685116524494
518,GUATEMALA,2005,Sector Público,558270000.0,3,2005-01-01,2005,1,5,0.6335788989205993,0.3664211010794008
519,REPÚBLICA DOMINICANA,2018,Sector Privado,154000000.0,2,2018-01-01,2018,1,6,1.0,0.0
520,HONDURAS,1966,Sector Privado,2200000.0,7,1966-01-01,1966,1,-1,0.0,0.0025018705770355467
521,NICARAGUA,2007,Sector Privado,199125700.0,18,2007-01-01,2007,1,-1,0.0,0.6873254157196379
522,PANAMÁ,2025,Sector Público,75000000.0,1,2025-01-01,2025,1,9,0.9999999939057614,6.0942385100069355e-09
523,PANAMÁ,2022,Sector Público,145000000.0,1,2022-01-01,2022,1,9,1.0,0.0
524,NICARAGUA,1964,Sector Público,10052458.0,3,1964-01-01,1964,1,3,1.0,0.0
525,NICARAGUA,2002,Sector Público,29138311.95,4,2002-01-01,2002,1,2,1.0,0.0
526,NICARAGUA,2009,Sector Privado,21300000.0,9,2009-01-01,2009,1,-1,0.0,0.02807529483459127
527,GUATEMALA,1970,Sector Público,150000.0,1,1970-01-01,1970,1,-1,0.0,0.3615168365536999
528,NICARAGUA,2016,Sector Público,379786817.2,6,2016-01-01,2016,1,-1,0.0,0.018027740341057766
529,HONDURAS,1962,Sector Privado,445000.0,3,1962-01-01,1962,1,-1,0.0,0.08267232881267796
530,HONDURAS,1979,Sector Privado,10475600.0,6,1979-01-01,1979,1,-1,0.0,7.277456911370117e-07
531,REPÚBLICA DOMINICANA,2020,Sector Público,30000000.0,1,2020-01-01,2020,1,9,1.0,0.0
532,HONDURAS,1966,Sector Público,11794500.0,6,1966-01-01,1966,1,-1,0.0,7.277456911370117e-07
533,NICARAGUA,2007,Sector Público,84769347.0,5,2007-01-01,2007,1,1,0.9761946050572378,0.02380539494276223
534,REGIONAL,2025,Sector Público,37187480.0,1,2025-01-01,2025,1,9,1.0,0.15214221699927494
535,REPÚBLICA DOMINICANA,2022,Sector Público,580000000.0,4,2022-01-01,2022,1,2,0.8875434192493269,0.11245658075067308
536,NICARAGUA,2017,Sector Privado,10000000.0,1,2017-01-01,2017,1,8,0.9075962455273585,0.09240375447264144
537,NICARAGUA,2014,Sector Público,333883194.0,4,2014-01-01,2014,1,2,0.8875434192493269,0.11245658075067308
538,NICARAGUA,2009,Sector Público,299987137.88,4,2009-01-01,2009,1,2,0.8875434192493269,0.11245658075067308
539,GUATEMALA,1972,Sector Privado,5580370.0,8,1972-01-01,1972,1,-1,0.0,0.19011828351299934
540,PANAMÁ,2016,Sector Privado,156000000.0,2,2016-01-01,2016,1,6,1.0,0.0
541,HONDURAS,1962,Sector Público,120000.0,1,1962-01-01,1962,1,-1,0.0,0.4941833104997213
542,HONDURAS,1979,Sector Público,39655000.0,8,1979-01-01,1979,1,0,1.0,0.0
543,HONDURAS,2004,Sector Privado,79846537.0,11,2004-01-01,2004,1,-1,0.0,0.08154498903661964
544,PANAMÁ,2007,Sector Privado,97033333.33,2,2007-01-01,2007,1,6,1.0,0.0
545,REPÚBLICA DOMINICANA,2025,Sector Privado,100000000.0,1,2025-01-01,2025,1,9,1.0,0.0834141730932099
546,NICARAGUA,2017,Sector Público,468774000.0,4,2017-01-01,2017,1,2,0.8875434192493269,0.11245658075067308
547,PANAMÁ,2014,Sector Privado,30000000.0,1,2014-01-01,2014,1,9,1.0,0.0
548,PANAMÁ,2009,Sector Privado,20000000.0,1,2009-01-01,2009,1,9,1.0,0.19006034052965554
549,GUATEMALA,1972,Sector Público,9500000.0,2,1972-01-01,1972,1,4,0.967416981852405,0.03258301814759504
550,PANAMÁ,2016,Sector Público,100000000.0,1,2016-01-01,2016,1,9,1.0,0.0834141730932099
551,HONDURAS,1976,Sector Privado,3215000.0,7,1976-01-01,1976,1,-1,0.0,0.0025018705770355467
552,HONDURAS,1997,Sector Privado,37947000.0,12,1997-01-01,1997,1,-1,0.0,0.24845893507961175
553,HONDURAS,2004,Sector Público,117830000.0,4,2004-01-01,2004,1,2,1.0,0.0
554,PANAMÁ,2007,Sector Público,19000000.0,1,2007-01-01,2007,1,9,1.0,0.19006034052965554
555,REPÚBLICA DOMINICANA,2025,Sector Público,80900000.0,1,2025-01-01,2025,1,9,0.9671143161667483,0.032885683833251765
556,PANAMÁ,2017,Sector Privado,20000000.0,1,2017-01-01,2017,1,9,1.0,0.19006034052965554
557,GUATEMALA,2010,Sector Privado,71415000.0,4,2010-01-01,2010,1,2,1.0,0.0
558,REPÚBLICA DOMINICANA,2016,Sector Público,100000000.0,1,2016-01-01,2016,1,9,1.0,0.0834141730932099
559,HONDURAS,1976,Sector Público,21441200.0,6,1976-01-01,1976,1,-1,0.0,0.00017603079290291624
560,HONDURAS,1997,Sector Público,4900000.0,1,1997-01-01,1997,1,8,1.0,0.0
561,HONDURAS,2019,Sector Privado,25000000.0,1,2019-01-01,2019,1,9,1.0,0.19006034052965554
562,REPÚBLICA DOMINICANA,2007,Sector Público,50000000.0,1,2007-01-01,2007,1,9,1.0,0.0
563,PANAMÁ,2017,Sector Público,170000000.0,2,2017-01-01,2017,1,6,1.0,0.0
564,GUATEMALA,2010,Sector Público,265000000.0,1,2010-01-01,2010,1,9,1.0,0.0
565,HONDURAS,1998,Sector Privado,147449550.0,23,1998-01-01,1998,1,-1,0.0,0.6079109934866034
566,HONDURAS,2005,Sector Privado,79705800.0,12,2005-01-01,2005,1,-1,0.0,0.08154498903661964
567,HONDURAS,2019,Sector Público,143586952.0,2,2019-01-01,2019,1,6,1.0,0.0
568,REPÚBLICA DOMINICANA,2017,Sector Público,249600000.0,1,2017-01-01,2017,1,9,1.0,0.0
569,GUATEMALA,2023,Sector Privado,15000000.0,1,2023-01-01,2023,1,9,0.7712784243761408,0.22872157562385917
570,HONDURAS,1998,Sector Público,45500000.0,2,1998-01-01,1998,1,6,0.9389154614502144,0.06108453854978552
571,HONDURAS,2005,Sector Público,125272463.49,9,2005-01-01,2005,1,-1,0.0,0.24305468324150128
572,NICARAGUA,1966,Sector Privado,6725000.0,5,1966-01-01,1966,1,1,1.0,0.0
573,HONDURAS,1970,Sector Privado,11407500.0,19,1970-01-01,1970,1,-1,0.0,0.6438104322052609
574,HONDURAS,2006,Sector Privado,113327000.0,14,2006-01-01,2006,1,-1,0.0,0.4162473338504448
575,NICARAGUA,1979,Sector Privado,11050000.0,6,1979-01-01,1979,1,-1,0.0,7.277456911370117e-07
576,NICARAGUA,1966,Sector Público,2722240.0,3,1966-01-01,1966,1,-1,0.0,0.0003444829102484573
577,HONDURAS,1970,Sector Público,8114500.0,5,1970-01-01,1970,1,1,1.0,0.0
578,HONDURAS,2006,Sector Público,125300000.05,2,2006-01-01,2006,1,6,1.0,0.0
579,NICARAGUA,1979,Sector Público,2750000.0,2,1979-01-01,1979,1,-1,0.0,0.02298492299589544
580,NICARAGUA,2004,Sector Privado,24482000.0,17,2004-01-01,2004,1,-1,0.0,0.5238079756910271
581,HONDURAS,1972,Sector Privado,3962000.0,13,1972-01-01,1972,1,-1,0.0,0.636435454563558
582,NICARAGUA,1962,Sector Privado,937200.0,1,1962-01-01,1962,1,7,0.8118401393537662,0.1881598606462338
583,NICARAGUA,1997,Sector Privado,7500000.0,3,1997-01-01,1997,1,3,1.0,0.0
584,NICARAGUA,2004,Sector Público,11025000.0,3,2004-01-01,2004,1,3,0.9559789386826185,0.04402106131738148
585,HONDURAS,1972,Sector Público,2680300.0,8,1972-01-01,1972,1,-1,0.0,0.013146345454842697
586,NICARAGUA,1976,Sector Privado,980000.0,1,1976-01-01,1976,1,7,0.9908479214825717,0.00915207851742832
587,NICARAGUA,2005,Sector Privado,60775872.66,16,2005-01-01,2005,1,-1,0.0,0.49992736388687076
588,NICARAGUA,2019,Sector Privado,70800000.0,2,2019-01-01,2019,1,6,1.0,0.0
589,HONDURAS,2010,Sector Privado,118182669.0,7,2010-01-01,2010,1,-1,0.0,0.44375370464367453
590,NICARAGUA,1976,Sector Público,21360000.0,5,1976-01-01,1976,1,1,1.0,0.0
591,NICARAGUA,2005,Sector Público,49632000.0,6,2005-01-01,2005,1,0,0.999496912455134,0.000503087544866029
592,NICARAGUA,2019,Sector Público,585344540.0,2,2019-01-01,2019,1,6,0.6267101085863502,0.37328989141364977
593,HONDURAS,2010,Sector Público,356188510.0,3,2010-01-01,2010,1,5,0.8119899190827955,0.18801008091720456
594,NICARAGUA,1998,Sector Privado,32711300.0,7,1998-01-01,1998,1,0,0.999496912455134,0.000503087544866029
595,PANAMÁ,2005,Sector Público,20000000.0,1,2005-01-01,2005,1,9,1.0,0.19006034052965554
596,PANAMÁ,2019,Sector Privado,50000000.0,1,2019-01-01,2019,1,9,1.0,0.0
597,HONDURAS,2023,Sector Privado,20000000.0,1,2023-01-01,2023,1,9,1.0,0.19006034052965554
598,NICARAGUA,2006,Sector Privado,103330434.0,22,2006-01-01,2006,1,-1,0.0,0.6079109934866034
599,PANAMÁ,2019,Sector Público,134000000.0,2,2019-01-01,2019,1,6,1.0,0.0
600,HONDURAS,2023,Sector Público,766988111.14,3,2023-01-01,2023,1,5,0.6335788989205993,0.3664211010794008
601,NICARAGUA,2006,Sector Público,196218000.0,3,2006-01-01,2006,1,5,1.0,0.0
602,NICARAGUA,1970,Sector Privado,842236.0,6,1970-01-01,1970,1,-1,0.0,0.13534226291709167
603,NICARAGUA,1970,Sector Público,9534000.0,6,1970-01-01,1970,1,-1,0.0,7.277456911370117e-07
604,NICARAGUA,1972,Sector Privado,3174914.0,8,1972-01-01,1972,1,-1,0.0,0.0435322873267527
605,NICARAGUA,1972,Sector Público,7834300.0,5,1972-01-01,1972,1,1,1.0,0.0
606,NICARAGUA,2010,Sector Privado,30400000.0,3,2010-01-01,2010,1,3,0.7174620879112737,0.2825379120887263
607,NICARAGUA,2010,Sector Público,117826951.0,2,2010-01-01,2010,1,6,1.0,0.0
608,PANAMÁ,2010,Sector Privado,12790915.0,2,2010-01-01,2010,1,4,1.0,0.0
609,REPÚBLICA DOMINICANA,2010,Sector Público,150000000.0,2,2010-01-01,2010,1,6,1.0,0.0
610,REPÚBLICA DOMINICANA,2023,Sector Público,908226411.0,3,2023-01-01,2023,1,5,0.5384536453635974,0.46154635463640253
