Pais,Anio,Decada,Monto_Aprobado,CANTIDAD_APROBACIONES,Sector_Economico,Tipo_Pais,Monto_Banda,Frecuencia_Banda,Cuadrante_Estrategia,Cluster,Confidence,x,y
ARGENTINA,2015,2010s,50000000.0,1,Sector Público,Extra-regional,Menores,Ocasional,Oportunidad,0,0.9399758,-0.488572331762022,-0.03549206122203594
ARGENTINA,2016,2010s,90000000.0,1,Sector Público,Extra-regional,Regulares,Ocasional,Big Deals,0,0.94182146,-0.4903115092850456,-0.011688398747114333
ARGENTINA,2017,2010s,30000000.0,1,Sector Público,Extra-regional,Menores,Ocasional,Oportunidad,0,0.93156767,-0.4892867795330235,-0.056294568530815714
ARGENTINA,2018,2010s,32000000.0,1,Sector Público,Extra-regional,Menores,Ocasional,Oportunidad,0,0.9328201,-0.4890427158626319,-0.05368010428090357
ARGENTINA,2019,2010s,67000000.0,1,Sector Público,Extra-regional,Regulares,Ocasional,Big Deals,0,0.94158304,-0.48923644937300087,-0.023616824407796
ARGENTINA,2020,2020s,50000000.0,1,Sector Público,Extra-regional,Menores,Ocasional,Oportunidad,0,0.9399758,-0.48857233176148873,-0.03549206123221369
ARGENTINA,2021,2020s,150000000.0,1,Sector Público,Extra-regional,Regulares,Ocasional,Big Deals,0,0.9401235,-0.4941861409106165,0.008388530400266915
ARGENTINA,2022,2020s,115000000.0,1,Sector Público,Extra-regional,Regulares,Ocasional,Big Deals,0,0.9413279,-0.491854789266056,-0.0019540705921493864
ARGENTINA,2023,2020s,625000000.0,1,Sector Público,Extra-regional,Regulares,Ocasional,Big Deals,0,0.9176086,-0.5238844915991284,0.05432707267962853
ARGENTINA,2024,2020s,230000000.0,1,Sector Público,Extra-regional,Regulares,Ocasional,Big Deals,0,0.9365277,-0.5000116637714022,0.024145932370108675
ARGENTINA,2025,2020s,127500000.0,1,Sector Público,Extra-regional,Regulares,Ocasional,Big Deals,0,0.94097096,-0.4927050634750825,0.00207940209905609
BELICE,2009,2000s,1905800.0,1,Sector Público,Extra-regional,Menores,Ocasional,Oportunidad,0,0.85110915,-0.5362649133448765,-0.15152421981940245
BELICE,2010,2010s,10667410.0,1,Sector Público,Extra-regional,Menores,Ocasional,Oportunidad,0,0.90430677,-0.49915255381203155,-0.09611579968582545
BELICE,2014,2010s,30000000.0,1,Sector Público,Extra-regional,Menores,Ocasional,Oportunidad,0,0.93156767,-0.48928677953480765,-0.05629456851611247
BELICE,2022,2020s,24000000.0,1,Sector Público,Extra-regional,Menores,Ocasional,Oportunidad,0,0.9262369,-0.49040619868449525,-0.06524263707598556
BELICE,2023,2020s,2500000.0,1,Sector Público,Extra-regional,Menores,Ocasional,Oportunidad,0,0.85964036,-0.5296633679099917,-0.14346601346140256
COLOMBIA,2005,2000s,71120000.0,1,Sector Público,Extra-regional,Regulares,Ocasional,Big Deals,0,0.9417268,-0.489423319830284,-0.02119837619720098
COLOMBIA,2007,2000s,186948000.0,2,Sector Privado,Extra-regional,Regulares,Baja,Core Strategic,2,0.94143826,0.21350491151636633,0.06607569659156186
COLOMBIA,2008,2000s,5000000.0,1,Sector Privado,Extra-regional,Menores,Ocasional,Oportunidad,1,0.92546654,-0.12499073651651033,-0.20231268183925594
COLOMBIA,2010,2010s,35321000.0,1,Sector Privado,Extra-regional,Menores,Ocasional,Oportunidad,1,0.9204675,-0.1335751633269517,-0.10069502362459674
COLOMBIA,2011,2010s,50000000.0,1,Sector Público,Extra-regional,Menores,Ocasional,Oportunidad,0,0.9399758,-0.48857233176087195,-0.03549206124399759
COLOMBIA,2014,2010s,50000000.0,1,Sector Público,Extra-regional,Menores,Ocasional,Oportunidad,0,0.9399758,-0.48857233176143244,-0.03549206123329606
COLOMBIA,2015,2010s,136000000.0,1,Sector Público,Extra-regional,Regulares,Ocasional,Big Deals,0,0.9406741,-0.4932639203739571,0.004596520553056654
COLOMBIA,2017,2010s,50000000.0,1,Sector Público,Extra-regional,Menores,Ocasional,Oportunidad,0,0.9399758,-0.48857233176096704,-0.03549206124217839
COLOMBIA,2022,2020s,250000000.0,1,Sector Público,Extra-regional,Regulares,Ocasional,Big Deals,0,0.9355751,-0.501518782148522,0.027024912220421412
COLOMBIA,2023,2020s,250000000.0,1,Sector Público,Extra-regional,Regulares,Ocasional,Big Deals,0,0.9355751,-0.5015187818812288,0.027024914035346775
COLOMBIA,2025,2020s,75000000.0,1,Sector Público,Extra-regional,Regulares,Ocasional,Big Deals,0,0.94180596,-0.48958681796714426,-0.0190447658606112
COSTA RICA,1963,1960s,62000.0,1,Sector Privado,Regional,Menores,Ocasional,Oportunidad,1,0.842579,-0.20180097381542864,0.34598775043422075
COSTA RICA,1964,1960s,2286435.0,2,Sector Privado,Regional,Menores,Baja,Operativo,2,0.86219263,0.2661699539637339,-0.07611547234895133
COSTA RICA,1965,1960s,3284100.0,2,Sector Privado,Regional,Menores,Baja,Operativo,2,0.8742361,0.2569922461332606,-0.06656618844015413
COSTA RICA,1966,1960s,7818500.0,2,Sector Privado,Regional,Menores,Baja,Operativo,2,0.9023586,0.23578820571555187,-0.04257267495356772
COSTA RICA,1967,1960s,7154600.0,2,Sector Privado,Regional,Menores,Baja,Operativo,2,0.8996403,0.23779553798648176,-0.045158195710471874
COSTA RICA,1968,1960s,3783000.0,2,Sector Privado,Regional,Menores,Baja,Operativo,2,0.87888837,0.25345281105196804,-0.06277098933813254
COSTA RICA,1969,1960s,13738600.0,2,Sector Privado,Regional,Menores,Baja,Operativo,2,0.9182329,0.22430350348415376,-0.02537747185599726
COSTA RICA,1970,1970s,5431100.0,2,Sector Privado,Regional,Menores,Baja,Operativo,2,0.8907202,0.2444616326099083,-0.052909245949508896
COSTA RICA,1971,1970s,9016075.0,2,Sector Privado,Regional,Menores,Baja,Operativo,2,0.9066347,0.23272510245475472,-0.03833205132998375
COSTA RICA,1972,1970s,17342150.0,2,Sector Privado,Regional,Menores,Baja,Operativo,2,0.9238423,0.22037444905160591,-0.017848629984359647
COSTA RICA,1973,1970s,34580000.0,2,Sector Privado,Regional,Menores,Baja,Operativo,2,0.9372847,0.21226275032021005,0.005798512471072811
COSTA RICA,1974,1970s,49808100.0,2,Sector Privado,Regional,Menores,Baja,Operativo,2,0.9417573,0.2101376336744679,0.01881269626077022
COSTA RICA,1975,1970s,31894000.0,2,Sector Privado,Regional,Menores,Baja,Operativo,2,0.9359441,0.21286899877521853,0.0029397093490664094
COSTA RICA,1976,1970s,41482000.0,2,Sector Privado,Regional,Menores,Baja,Operativo,2,0.9399035,0.2111384647111815,0.012277975674986048
COSTA RICA,1977,1970s,20760000.0,2,Sector Privado,Regional,Menores,Baja,Operativo,2,0.92780185,0.21773494112408567,-0.011863762534698162
COSTA RICA,1978,1970s,44755000.0,2,Sector Privado,Regional,Menores,Baja,Operativo,2,0.9407989,0.21072205905889296,0.01498965140949633
COSTA RICA,1979,1970s,45110000.0,2,Sector Privado,Regional,Menores,Baja,Operativo,2,0.9408799,0.21067823981584038,0.015271817081833379
COSTA RICA,1980,1980s,26731288.0,2,Sector Privado,Regional,Menores,Baja,Operativo,2,0.93286663,0.21468410395287332,-0.00320372854448609
COSTA RICA,1981,1980s,21771000.0,2,Sector Privado,Regional,Menores,Baja,Operativo,2,0.928825,0.21714048638401062,-0.010243072173239033
COSTA RICA,1982,1980s,16500000.0,2,Sector Privado,Regional,Menores,Baja,Operativo,2,0.92269444,0.22117045310341052,-0.01947646457431675
COSTA RICA,1983,1980s,17202200.0,2,Sector Privado,Regional,Menores,Baja,Operativo,2,0.923658,0.22050237866058753,-0.018114160847522633
COSTA RICA,1984,1980s,1650000.0,1,Sector Público,Regional,Menores,Ocasional,Oportunidad,0,0.8464296,-0.5398495019273105,-0.15571321186149187
COSTA RICA,1985,1980s,6600000.0,1,Sector Público,Regional,Menores,Ocasional,Oportunidad,0,0.8899821,-0.5077801878432775,-0.11281331269206543
COSTA RICA,1986,1980s,3000000.0,1,Sector Público,Regional,Menores,Ocasional,Oportunidad,0,0.8653024,-0.5253523936344395,-0.1379225057451585
COSTA RICA,1987,1980s,18200000.0,2,Sector Privado,Regional,Menores,Baja,Operativo,2,0.92491496,0.21961072906935555,-0.01626524241642048
COSTA RICA,1988,1980s,23000000.0,1,Sector Público,Regional,Menores,Ocasional,Oportunidad,0,0.9251749,-0.4906636718748482,-0.06693911544066264
COSTA RICA,1989,1980s,38000000.0,1,Sector Público,Regional,Menores,Ocasional,Oportunidad,0,0.9359654,-0.4885962256515281,-0.04667899720365054
COSTA RICA,1990,1990s,28375000.0,1,Sector Público,Regional,Menores,Ocasional,Oportunidad,0,0.93028,-0.48953372497268066,-0.05853252323504928
COSTA RICA,1991,1990s,36900000.0,2,Sector Privado,Regional,Menores,Baja,Operativo,2,0.93828917,0.21179818468009584,0.00810247686204196
COSTA RICA,1992,1990s,55165745.0,2,Sector Privado,Regional,Menores,Baja,Operativo,2,0.942478,0.20996404759540208,0.0224852624845206
COSTA RICA,1993,1990s,46750000.0,2,Sector Privado,Regional,Menores,Baja,Operativo,2,0.94121814,0.21047900502975214,0.01654735947902751
COSTA RICA,1994,1990s,143810244.0,2,Sector Privado,Regional,Regulares,Baja,Core Strategic,2,0.94356465,0.21180145967546876,0.05680636924063339
COSTA RICA,1995,1990s,100185316.0,2,Sector Privado,Regional,Regulares,Baja,Core Strategic,2,0.94485974,0.2104587302537836,0.04391330698326302
COSTA RICA,1996,1990s,102776059.0,2,Sector Privado,Regional,Regulares,Baja,Core Strategic,2,0.9448317,0.21053717657350837,0.044826316062301114
COSTA RICA,1997,1990s,118707500.0,2,Sector Privado,Regional,Regulares,Baja,Core Strategic,2,0.94443864,0.21098002288726092,0.049975071229455166
COSTA RICA,1998,1990s,141484350.0,2,Sector Privado,Regional,Regulares,Baja,Core Strategic,2,0.94365185,0.21171896349013394,0.056227138209510884
COSTA RICA,1999,1990s,92142138.0,2,Sector Privado,Regional,Regulares,Baja,Core Strategic,2,0.9448467,0.2102737663365128,0.04091568336962376
COSTA RICA,2000,2000s,112721406.0,2,Sector Privado,Regional,Regulares,Baja,Core Strategic,2,0.94463646,0.21081423081055528,0.048127640320369015
COSTA RICA,2001,2000s,161853800.0,2,Sector Privado,Regional,Regulares,Baja,Core Strategic,2,0.9427761,0.2125258084639297,0.06099062968745392
COSTA RICA,2002,2000s,350164000.0,2,Sector Privado,Regional,Regulares,Baja,Core Strategic,2,0.9302913,0.22005494878050066,0.08770424490718429
COSTA RICA,2003,2000s,172666255.45999998,2,Sector Privado,Regional,Regulares,Baja,Core Strategic,2,0.942235,0.21296767578269313,0.06327312032597247
COSTA RICA,2004,2000s,181790000.0,2,Sector Privado,Regional,Regulares,Baja,Core Strategic,2,0.94173837,0.21331650544538736,0.06508928155604356
COSTA RICA,2005,2000s,466059808.18,2,Sector Privado,Regional,Regulares,Baja,Core Strategic,2,0.9231383,0.2246023821271678,0.0971121539577282
COSTA RICA,2006,2000s,748865400.0,2,Sector Privado,Regional,Estratégicos,Baja,Core Strategic,2,0.91053504,0.23411872707182593,0.11190610666073852
COSTA RICA,2007,2000s,650200000.0,2,Sector Privado,Regional,Estratégicos,Baja,Core Strategic,2,0.9143379,0.23097867993520274,0.10763280090605433
COSTA RICA,2008,2000s,199390000.0,2,Sector Privado,Regional,Regulares,Baja,Core Strategic,2,0.9406483,0.21395189200893266,0.06834431797250065
COSTA RICA,2009,2000s,376438203.07,2,Sector Privado,Regional,Regulares,Baja,Core Strategic,2,0.92856246,0.22107541808693806,0.09012509425421579
COSTA RICA,2010,2010s,218453958.0,2,Sector Privado,Regional,Regulares,Baja,Core Strategic,2,0.9393457,0.21469054195291112,0.07154158468406353
COSTA RICA,2011,2010s,530000000.0,2,Sector Privado,Regional,Regulares,Baja,Core Strategic,2,0.9197491,0.2269132920999802,0.10123877203334453
COSTA RICA,2012,2010s,353000000.0,2,Sector Privado,Regional,Regulares,Baja,Core Strategic,2,0.9301019,0.22016701825017188,0.08797480001274459
COSTA RICA,2013,2010s,549775000.0,2,Sector Privado,Regional,Regulares,Baja,Core Strategic,2,0.91877484,0.22759484033914645,0.10240374495171017
COSTA RICA,2014,2010s,329000000.0,2,Sector Privado,Regional,Regulares,Baja,Core Strategic,2,0.9316971,0.21922759252184462,0.08560264102196256
COSTA RICA,2015,2010s,275587964.87,2,Sector Privado,Regional,Regulares,Baja,Core Strategic,2,0.93535364,0.2169969949569258,0.07958496262446217
COSTA RICA,2016,2010s,341842413.0,2,Sector Privado,Regional,Regulares,Baja,Core Strategic,2,0.93084615,0.21973283287273307,0.0868945449516948
COSTA RICA,2017,2010s,215760000.0,2,Sector Privado,Regional,Regulares,Baja,Core Strategic,2,0.93953454,0.21459038730919816,0.07110735114011217
COSTA RICA,2018,2010s,530284067.0,1,Sector Público,Regional,Regulares,Ocasional,Big Deals,0,0.92142665,-0.5192640747873022,0.04997608132292246
COSTA RICA,2019,2010s,640055000.0,1,Sector Público,Regional,Estratégicos,Ocasional,Big Deals,0,0.91701335,-0.5245603191397393,0.05494657533020475
COSTA RICA,2020,2020s,705160000.0,2,Sector Privado,Regional,Estratégicos,Baja,Core Strategic,2,0.912165,0.2327639803236404,0.11009789190289777
COSTA RICA,2021,2020s,580000000.0,1,Sector Público,Regional,Regulares,Ocasional,Big Deals,0,0.9193903,-0.5217619961096147,0.0523743825295089
COSTA RICA,2022,2020s,1190000000.0,1,Sector Público,Regional,Estratégicos,Ocasional,Big Deals,0,0.90046954,-0.5435584450303608,0.06944676687520976
COSTA RICA,2023,2020s,1000000000.0,1,Sector Público,Regional,Estratégicos,Ocasional,Big Deals,0,0.90523183,-0.5380632077015448,0.06561981080584105
COSTA RICA,2024,2020s,770000000.0,1,Sector Público,Regional,Estratégicos,Ocasional,Big Deals,0,0.9122518,-0.5299799184082561,0.05957433398609979
COSTA RICA,2025,2020s,815000000.0,1,Sector Público,Regional,Estratégicos,Ocasional,Big Deals,0,0.9107522,-0.5316959373044323,0.06093791753699349
CUBA,2022,2020s,50000000.0,1,Sector Público,Extra-regional,Menores,Ocasional,Oportunidad,0,0.9399758,-0.4885723317597361,-0.03549206126570232
EL SALVADOR,1962,1960s,1546000.0,1,Sector Privado,Regional,Menores,Ocasional,Oportunidad,1,0.90843856,-0.1252797007317455,-0.2591921194828581
EL SALVADOR,1963,1960s,2446600.0,2,Sector Privado,Regional,Menores,Baja,Operativo,2,0.8644537,0.26442751018595995,-0.0743553815089923
EL SALVADOR,1964,1960s,1722500.0,2,Sector Privado,Regional,Menores,Baja,Operativo,2,0.8526627,0.2735463792113237,-0.08337304523397067
EL SALVADOR,1965,1960s,6162700.0,2,Sector Privado,Regional,Menores,Baja,Operativo,2,0.894872,0.24138152115497974,-0.049380870315639924
EL SALVADOR,1966,1960s,6658400.0,2,Sector Privado,Regional,Menores,Baja,Operativo,2,0.8973852,0.23949540676654538,-0.04720820494771785
EL SALVADOR,1967,1960s,986000.0,1,Sector Privado,Regional,Menores,Ocasional,Oportunidad,1,0.90071434,-0.18744464444589726,0.10849213201749418
EL SALVADOR,1968,1960s,9425700.0,2,Sector Privado,Regional,Menores,Baja,Operativo,2,0.9079475,0.2317836215813697,-0.03699971082373438
EL SALVADOR,1969,1960s,10860130.0,2,Sector Privado,Regional,Menores,Baja,Operativo,2,0.9119365,0.22883863432747806,-0.03270801221770307
EL SALVADOR,1970,1970s,7875600.0,2,Sector Privado,Regional,Menores,Baja,Operativo,2,0.90257955,0.23562942492867095,-0.04235766666028718
EL SALVADOR,1971,1970s,4857157.140000001,2,Sector Privado,Regional,Menores,Baja,Operativo,2,0.8870503,0.24718969858591025,-0.05600230551867915
EL SALVADOR,1972,1970s,7031360.0,2,Sector Privado,Regional,Menores,Baja,Operativo,2,0.8990965,0.23819722523614636,-0.04565914074970678
EL SALVADOR,1973,1970s,15990000.0,2,Sector Privado,Regional,Menores,Baja,Operativo,2,0.9219567,0.22169211884958342,-0.020497057921225508
EL SALVADOR,1974,1970s,12820000.0,2,Sector Privado,Regional,Menores,Baja,Operativo,2,0.9163966,0.22557845605721596,-0.027567312022538933
EL SALVADOR,1975,1970s,21440000.0,2,Sector Privado,Regional,Menores,Baja,Operativo,2,0.9284996,0.21733234111315644,-0.010765353934313698
EL SALVADOR,1976,1970s,17825000.0,2,Sector Privado,Regional,Menores,Baja,Operativo,2,0.9244569,0.21994034869755266,-0.016948272158817317
EL SALVADOR,1977,1970s,14100000.0,1,Sector Público,Regional,Menores,Ocasional,Oportunidad,0,0.9122993,-0.49520796243099885,-0.08586835766835142
EL SALVADOR,1978,1970s,35520000.0,2,Sector Privado,Regional,Menores,Baja,Operativo,2,0.93771684,0.21206619269795823,0.006748646451369261
EL SALVADOR,1979,1970s,44266000.0,2,Sector Privado,Regional,Menores,Baja,Operativo,2,0.94067913,0.21078283491208458,0.014597314571584476
EL SALVADOR,1980,1980s,63717000.0,2,Sector Privado,Regional,Regulares,Baja,Core Strategic,2,0.94341993,0.20981833842045958,0.027665695923704728
EL SALVADOR,1981,1980s,9681100.0,2,Sector Privado,Regional,Menores,Baja,Operativo,2,0.9087204,0.23122038596058092,-0.03619557289706078
EL SALVADOR,1982,1980s,19800000.0,2,Sector Privado,Regional,Menores,Baja,Operativo,2,0.9267682,0.21834807998012817,-0.013468519972501532
EL SALVADOR,1984,1980s,7600000.0,1,Sector Público,Regional,Menores,Ocasional,Oportunidad,0,0.8943872,-0.5050189891530232,-0.10803757353218095
EL SALVADOR,1985,1980s,1980000.0,1,Sector Público,Regional,Menores,Ocasional,Oportunidad,0,0.85232604,-0.5353278146266411,-0.15040124714533845
EL SALVADOR,1986,1980s,13400000.0,2,Sector Privado,Regional,Menores,Baja,Operativo,2,0.91757643,0.22475810364824295,-0.026169261886278147
EL SALVADOR,1987,1980s,49800000.0,1,Sector Público,Regional,Menores,Ocasional,Oportunidad,0,0.9399246,-0.4885658962274082,-0.03565487129792349
EL SALVADOR,1988,1980s,16740000.0,1,Sector Público,Regional,Menores,Ocasional,Oportunidad,0,0.91693366,-0.4932702254554057,-0.07936262077704052
EL SALVADOR,1989,1980s,12000000.0,1,Sector Público,Regional,Menores,Ocasional,Oportunidad,0,0.90768373,-0.49738623045904157,-0.09184936537338827
EL SALVADOR,1990,1990s,37670000.0,1,Sector Público,Regional,Menores,Ocasional,Oportunidad,0,0.9358268,-0.4886091416326227,-0.04703516924731014
EL SALVADOR,1991,1990s,1000000.0,1,Sector Público,Regional,Menores,Ocasional,Oportunidad,0,0.8307596,-0.5527605711490087,-0.16959181280186952
EL SALVADOR,1992,1990s,50800000.0,2,Sector Privado,Regional,Menores,Baja,Operativo,2,0.9419084,0.2100934983367756,0.019521300141500532
EL SALVADOR,1993,1990s,80109000.0,2,Sector Privado,Regional,Regulares,Baja,Core Strategic,2,0.9445152,0.21000297633922055,0.035896166162714446
EL SALVADOR,1994,1990s,168551000.0,2,Sector Privado,Regional,Regulares,Baja,Core Strategic,2,0.94244707,0.21280334112237764,0.06242192996662602
EL SALVADOR,1995,1990s,92663548.0,2,Sector Privado,Regional,Regulares,Baja,Core Strategic,2,0.9448524,0.21028640185584133,0.04111787072688627
EL SALVADOR,1996,1990s,186417530.0,2,Sector Privado,Regional,Regulares,Baja,Core Strategic,2,0.9414703,0.21348581224468657,0.06597552483091129
EL SALVADOR,1997,1990s,162055400.0,2,Sector Privado,Regional,Regulares,Baja,Core Strategic,2,0.94276714,0.2125343558816519,0.06103458476836144
EL SALVADOR,1998,1990s,206671000.0,2,Sector Privado,Regional,Regulares,Baja,Core Strategic,2,0.9401647,0.21424196699442227,0.06960072223059871
EL SALVADOR,1999,1990s,61619477.0,1,Sector Privado,Regional,Regulares,Ocasional,Big Deals,1,0.90204,-0.1376412655842635,-0.07127977001772454
EL SALVADOR,2000,2000s,87830000.0,2,Sector Privado,Regional,Regulares,Baja,Core Strategic,2,0.94477046,0.21017634577223893,0.03919754419201574
EL SALVADOR,2001,2000s,230200000.0,2,Sector Privado,Regional,Regulares,Baja,Core Strategic,2,0.938494,0.21511223819538627,0.07337365644281658
EL SALVADOR,2002,2000s,111580000.0,2,Sector Privado,Regional,Regulares,Baja,Core Strategic,2,0.9446707,0.2107842282156354,0.04776400070839512
EL SALVADOR,2003,2000s,173476300.0,2,Sector Privado,Regional,Regulares,Baja,Core Strategic,2,0.9421923,0.2129994941437954,0.06343824736331902
EL SALVADOR,2004,2000s,223125000.0,2,Sector Privado,Regional,Regulares,Baja,Core Strategic,2,0.9390065,0.2148609975124479,0.07228182081321206
EL SALVADOR,2005,2000s,276378347.75,2,Sector Privado,Regional,Regulares,Baja,Core Strategic,2,0.9352988,0.21703117376570114,0.07968286055105321
EL SALVADOR,2006,2000s,433210440.0,2,Sector Privado,Regional,Regulares,Baja,Core Strategic,2,0.9249965,0.2233589379947512,0.09473697886279378
EL SALVADOR,2007,2000s,471715000.0,2,Sector Privado,Regional,Regulares,Baja,Core Strategic,2,0.92282975,0.22481376245681878,0.09750176755187226
EL SALVADOR,2008,2000s,299866000.0,2,Sector Privado,Regional,Regulares,Baja,Core Strategic,2,0.933683,0.21803162025583414,0.08246250076243908
EL SALVADOR,2009,2000s,294433870.0,2,Sector Privado,Regional,Regulares,Baja,Core Strategic,2,0.9340526,0.21780472636451823,0.08184059167699813
EL SALVADOR,2010,2010s,132865000.0,2,Sector Privado,Regional,Regulares,Baja,Core Strategic,2,0.9439549,0.21140947865547635,0.05399244169177758
EL SALVADOR,2011,2010s,285837173.8,2,Sector Privado,Regional,Regulares,Baja,Core Strategic,2,0.93464375,0.2174366769239272,0.08083185328819634
EL SALVADOR,2012,2010s,211161825.0,2,Sector Privado,Regional,Regulares,Baja,Core Strategic,2,0.9398561,0.2144161953585948,0.0703533481662334
EL SALVADOR,2013,2010s,199208600.0,1,Sector Público,Regional,Regulares,Ocasional,Big Deals,0,0.9379312,-0.4976509879925346,0.019045127219914925
EL SALVADOR,2014,2010s,311137500.0,2,Sector Privado,Regional,Regulares,Baja,Core Strategic,2,0.93290854,0.21850778183298042,0.08371317359150979
EL SALVADOR,2015,2010s,340521814.0,2,Sector Privado,Regional,Regulares,Baja,Core Strategic,2,0.9309338,0.2196810185484519,0.08676417960563891
EL SALVADOR,2016,2010s,385772251.84,2,Sector Privado,Regional,Regulares,Baja,Core Strategic,2,0.9279479,0.22144791506445916,0.09093723013559803
EL SALVADOR,2017,2010s,307306842.25,2,Sector Privado,Regional,Regulares,Baja,Core Strategic,2,0.93317306,0.21834789358790543,0.0832934545095906
EL SALVADOR,2018,2010s,283500000.0,1,Sector Público,Regional,Regulares,Ocasional,Big Deals,0,0.9336416,-0.5038984551128695,0.031291740734815936
EL SALVADOR,2019,2010s,576162715.48,2,Sector Privado,Regional,Regulares,Baja,Core Strategic,2,0.9175261,0.2284758417018242,0.1038890058653862
EL SALVADOR,2020,2020s,615200000.0,1,Sector Público,Regional,Regulares,Ocasional,Big Deals,0,0.9179932,-0.5234357173824983,0.0539149271028428
EL SALVADOR,2021,2020s,884700000.0,2,Sector Privado,Regional,Estratégicos,Baja,Core Strategic,2,0.9059347,0.23800850794800424,0.11683517639032964
EL SALVADOR,2022,2020s,896000000.0,2,Sector Privado,Regional,Estratégicos,Baja,Core Strategic,2,0.90558064,0.23831026858288729,0.11720625819229182
EL SALVADOR,2024,2020s,263900000.0,1,Sector Público,Regional,Regulares,Ocasional,Big Deals,0,0.93476903,-0.5025107154519769,0.028880982828870406
EL SALVADOR,2025,2020s,350000000.0,1,Sector Público,Regional,Regulares,Ocasional,Big Deals,0,0.93006706,-0.5084629069497917,0.03805673576876691
GUATEMALA,1961,1960s,275000.0,1,Sector Privado,Regional,Menores,Ocasional,Oportunidad,1,0.8737432,-0.12090389227500005,-0.3442637488596838
GUATEMALA,1962,1960s,190000.0,1,Sector Privado,Regional,Menores,Ocasional,Oportunidad,1,0.86600935,-0.12028679184108329,-0.36115275860511104
GUATEMALA,1963,1960s,3434500.0,2,Sector Privado,Regional,Menores,Baja,Operativo,2,0.87571377,0.25587287683594134,-0.06536657122926495
GUATEMALA,1964,1960s,410000.0,2,Sector Privado,Regional,Menores,Baja,Operativo,2,0.811001,0.3156313558108781,-0.11536194161906255
GUATEMALA,1965,1960s,2188090.0,2,Sector Privado,Regional,Menores,Baja,Operativo,2,0.8607162,0.2672999607906057,-0.07725642170090419
GUATEMALA,1966,1960s,8563080.0,2,Sector Privado,Regional,Menores,Baja,Operativo,2,0.9050969,0.2338310749488976,-0.03986974735459943
GUATEMALA,1967,1960s,6725000.0,2,Sector Privado,Regional,Menores,Baja,Operativo,2,0.8977025,0.23925652567650155,-0.04692646583653151
GUATEMALA,1968,1960s,7424000.0,2,Sector Privado,Regional,Menores,Baja,Operativo,2,0.9007757,0.23694037178095703,-0.044091242068794154
GUATEMALA,1969,1960s,7365000.0,2,Sector Privado,Regional,Menores,Baja,Operativo,2,0.9005326,0.23712504620477962,-0.044321714144859546
GUATEMALA,1970,1970s,2657184.0,2,Sector Privado,Regional,Menores,Baja,Operativo,2,0.86719996,0.26232807178175,-0.07218816946028228
GUATEMALA,1971,1970s,12691000.0,2,Sector Privado,Regional,Menores,Baja,Operativo,2,0.91612685,0.22577012317110354,-0.027884710572373836
GUATEMALA,1972,1970s,15080370.0,2,Sector Privado,Regional,Menores,Baja,Operativo,2,0.9205284,0.2226630868278965,-0.022398422605474456
GUATEMALA,1973,1970s,18752620.0,2,Sector Privado,Regional,Menores,Baja,Operativo,2,0.92556214,0.219136439100604,-0.015283174468572145
GUATEMALA,1974,1970s,15615000.0,2,Sector Privado,Regional,Menores,Baja,Operativo,2,0.9213853,0.22208573971950063,-0.021267900333409966
GUATEMALA,1975,1970s,27250000.0,2,Sector Privado,Regional,Menores,Baja,Operativo,2,0.93321943,0.21446318394761557,-0.0025404558027316737
GUATEMALA,1976,1970s,33170000.0,2,Sector Privado,Regional,Menores,Baja,Operativo,2,0.9365989,0.21256958068743903,0.004324951869179577
GUATEMALA,1977,1970s,14800000.0,2,Sector Privado,Regional,Menores,Baja,Operativo,2,0.92007333,0.2229875580968762,-0.02300107660465849
GUATEMALA,1978,1970s,50490000.0,2,Sector Privado,Regional,Menores,Baja,Operativo,2,0.9418638,0.2101034413326083,0.019301153731528253
GUATEMALA,1979,1970s,10350000.0,2,Sector Privado,Regional,Menores,Baja,Operativo,2,0.9106041,0.22982616684812024,-0.03417452403601495
GUATEMALA,1980,1980s,41840000.0,2,Sector Privado,Regional,Menores,Baja,Operativo,2,0.9400129,0.21109177833733622,0.012584774421593756
GUATEMALA,1981,1980s,25489000.0,2,Sector Privado,Regional,Menores,Baja,Operativo,2,0.93197334,0.21522891151306636,-0.004845097424775749
GUATEMALA,1982,1980s,36600000.0,2,Sector Privado,Regional,Menores,Baja,Operativo,2,0.9381709,0.21185576932014186,0.007812498840732037
GUATEMALA,1983,1980s,6900000.0,1,Sector Público,Regional,Menores,Ocasional,Oportunidad,0,0.8913771,-0.5068723089625259,-0.11133033026476723
GUATEMALA,1984,1980s,1200000.0,1,Sector Público,Regional,Menores,Ocasional,Oportunidad,0,0.8364021,-0.5480091489946755,-0.1646280502965772
GUATEMALA,1985,1980s,8000000.0,1,Sector Público,Regional,Menores,Ocasional,Oportunidad,0,0.895931,-0.5040866839835195,-0.10625789521969792
GUATEMALA,1987,1980s,27820000.0,2,Sector Privado,Regional,Menores,Baja,Operativo,2,0.93359125,0.2142246423985684,-0.001825725402812254
GUATEMALA,1989,1980s,7099000.0,2,Sector Privado,Regional,Menores,Baja,Operativo,2,0.8993976,0.2379759221286756,-0.04538316791581887
GUATEMALA,1990,1990s,43820600.0,2,Sector Privado,Regional,Menores,Baja,Operativo,2,0.9405644,0.21083861673852,0.014236188944538401
GUATEMALA,1991,1990s,11700000.0,2,Sector Privado,Regional,Menores,Baja,Operativo,2,0.91394055,0.22732859934122812,-0.03042469359236757
GUATEMALA,1992,1990s,11660000.0,1,Sector Privado,Regional,Menores,Ocasional,Oportunidad,1,0.9352109,-0.12715350782924772,-0.15832754223859202
GUATEMALA,1993,1990s,109356600.0,2,Sector Privado,Regional,Regulares,Baja,Core Strategic,2,0.9447235,0.21072450925540004,0.04704476425389942
GUATEMALA,1994,1990s,84142635.0,2,Sector Privado,Regional,Regulares,Baja,Core Strategic,2,0.9446672,0.21009662316931402,0.03765911799397652
GUATEMALA,1995,1990s,110925000.0,2,Sector Privado,Regional,Regulares,Baja,Core Strategic,2,0.94468844,0.21076681142141623,0.047553628734862095
GUATEMALA,1996,1990s,206636700.0,2,Sector Privado,Regional,Regulares,Baja,Core Strategic,2,0.940167,0.21424061838527583,0.06959491002838197
GUATEMALA,1997,1990s,218496773.0,2,Sector Privado,Regional,Regulares,Baja,Core Strategic,2,0.93934274,0.21469212277746125,0.07154844206353037
GUATEMALA,1998,1990s,377987300.0,2,Sector Privado,Regional,Regulares,Baja,Core Strategic,2,0.9284614,0.22113582157046158,0.09026177683922464
GUATEMALA,1999,1990s,143367200.0,2,Sector Privado,Regional,Regulares,Baja,Core Strategic,2,0.94358194,0.2117858702252938,0.05669676775543683
GUATEMALA,2000,2000s,76000000.0,2,Sector Privado,Regional,Regulares,Baja,Core Strategic,2,0.9443189,0.20992340433029516,0.03400507409657486
GUATEMALA,2001,2000s,126951252.0,2,Sector Privado,Regional,Regulares,Baja,Core Strategic,2,0.94415295,0.2112099288709468,0.05237062768913007
GUATEMALA,2002,2000s,144522014.0,2,Sector Privado,Regional,Regulares,Baja,Core Strategic,2,0.94353527,0.21182638194958314,0.05698173708945124
GUATEMALA,2003,2000s,99650000.0,2,Sector Privado,Regional,Regulares,Baja,Core Strategic,2,0.94486344,0.2104455098078051,0.04372153448138994
GUATEMALA,2004,2000s,88760000.0,2,Sector Privado,Regional,Regulares,Baja,Core Strategic,2,0.944792,0.21019556190546984,0.03957526186056521
GUATEMALA,2005,2000s,663365000.0,2,Sector Privado,Regional,Estratégicos,Baja,Core Strategic,2,0.91380537,0.23141808129644978,0.1082434853661932
GUATEMALA,2006,2000s,377049000.0,1,Sector Privado,Regional,Regulares,Ocasional,Big Deals,1,0.84114623,-0.15582288014508053,0.06047134984917604
GUATEMALA,2007,2000s,567905000.0,1,Sector Privado,Regional,Regulares,Ocasional,Big Deals,1,0.8286058,-0.1605956682698102,0.09552132042071462
GUATEMALA,2008,2000s,375894000.0,2,Sector Privado,Regional,Regulares,Baja,Core Strategic,2,0.9285979,0.22105458944274387,0.09007683956960054
GUATEMALA,2009,2000s,145715600.0,2,Sector Privado,Regional,Regulares,Baja,Core Strategic,2,0.9434837,0.21186783812132828,0.057273870074450436
GUATEMALA,2010,2010s,336415000.0,2,Sector Privado,Regional,Regulares,Baja,Core Strategic,2,0.9312049,0.2195185588697453,0.08635541792309279
GUATEMALA,2011,2010s,184050000.0,2,Sector Privado,Regional,Regulares,Baja,Core Strategic,2,0.9416106,0.21339980414684354,0.06552491717249849
GUATEMALA,2012,2010s,366288817.45,2,Sector Privado,Regional,Regulares,Baja,Core Strategic,2,0.92922527,0.22068189451268988,0.08921304648730882
GUATEMALA,2013,2010s,18750000.0,1,Sector Privado,Regional,Menores,Ocasional,Oportunidad,1,0.9347141,-0.12945575365559658,-0.1337552860944028
GUATEMALA,2014,2010s,306607000.0,2,Sector Privado,Regional,Regulares,Baja,Core Strategic,2,0.93322104,0.21831846303240568,0.08321619149358203
GUATEMALA,2015,2010s,380000000.0,2,Sector Privado,Regional,Regulares,Baja,Core Strategic,2,0.9283297,0.22121530682277804,0.09043819403285049
GUATEMALA,2016,2010s,300000000.0,1,Sector Público,Regional,Regulares,Ocasional,Big Deals,0,0.9327146,-0.5050567111327807,0.033154885320734316
GUATEMALA,2017,2010s,137000000.0,2,Sector Privado,Regional,Regulares,Baja,Core Strategic,2,0.943812,0.21155513563536424,0.05508271278966202
GUATEMALA,2018,2010s,193200000.0,1,Sector Público,Regional,Regulares,Ocasional,Big Deals,0,0.93818504,-0.4971991098437561,0.017931023456353907
GUATEMALA,2019,2010s,345700000.0,2,Sector Privado,Regional,Regulares,Baja,Core Strategic,2,0.9305889,0.2198830281361781,0.08727240773173153
GUATEMALA,2020,2020s,1500000.0,1,Sector Privado,Regional,Menores,Ocasional,Oportunidad,1,0.90797687,-0.1264061470239564,-0.2588321147079032
GUATEMALA,2021,2020s,7000000.0,1,Sector Privado,Regional,Menores,Ocasional,Oportunidad,1,0.9301941,-0.12560188264936667,-0.18474481260754952
GUATEMALA,2022,2020s,270000000.0,2,Sector Privado,Regional,Regulares,Baja,Core Strategic,2,0.9357351,0.21675241427660272,0.07888448092540092
GUATEMALA,2023,2020s,15000000.0,1,Sector Privado,Regional,Menores,Ocasional,Oportunidad,1,0.93564177,-0.12826694343338396,-0.145277833275189
GUATEMALA,2024,2020s,19000000.0,1,Sector Privado,Regional,Menores,Ocasional,Oportunidad,1,0.93460286,-0.12953399876130925,-0.13306841175287948
GUATEMALA,2025,2020s,175000000.0,2,Sector Privado,Regional,Regulares,Baja,Core Strategic,2,0.94210994,0.21305888928757785,0.06374674893521536
HONDURAS,1962,1960s,565000.0,2,Sector Privado,Regional,Menores,Baja,Operativo,2,0.8194625,0.3059459805100387,-0.10864948146951174
HONDURAS,1963,1960s,4116900.0,2,Sector Privado,Regional,Menores,Baja,Operativo,2,0.8816587,0.2513303238657644,-0.060491513510028926
HONDURAS,1964,1960s,1307000.0,2,Sector Privado,Regional,Menores,Baja,Operativo,2,0.8436555,0.2811252755336583,-0.0900969947067301
HONDURAS,1965,1960s,3061557.0,2,Sector Privado,Regional,Menores,Baja,Operativo,2,0.8719076,0.258743812669366,-0.06844249912119243
HONDURAS,1966,1960s,13994500.0,2,Sector Privado,Regional,Menores,Baja,Operativo,2,0.9187031,0.22396693432753229,-0.024791501346453564
HONDURAS,1967,1960s,1896980.0,2,Sector Privado,Regional,Menores,Baja,Operativo,2,0.8559107,0.2709844828929397,-0.08093840678677287
HONDURAS,1968,1960s,11556800.0,2,Sector Privado,Regional,Menores,Baja,Operativo,2,0.91361487,0.2275772490488078,-0.03080325836763505
HONDURAS,1969,1960s,13952900.0,2,Sector Privado,Regional,Menores,Baja,Operativo,2,0.91862917,0.22402124972101317,-0.024886049599080827
HONDURAS,1970,1970s,19522000.0,2,Sector Privado,Regional,Menores,Baja,Operativo,2,0.9264561,0.21854619827933197,-0.01394331094030782
HONDURAS,1971,1970s,9698272.0,2,Sector Privado,Regional,Menores,Baja,Operativo,2,0.9087709,0.23118303194216752,-0.036142240026708516
HONDURAS,1972,1970s,6642300.0,2,Sector Privado,Regional,Menores,Baja,Operativo,2,0.89730716,0.2395535041742086,-0.04727671396072446
HONDURAS,1973,1970s,19280800.0,2,Sector Privado,Regional,Menores,Baja,Operativo,2,0.9261784,0.21872374360635724,-0.014359651817453533
HONDURAS,1974,1970s,23212000.0,2,Sector Privado,Regional,Menores,Baja,Operativo,2,0.9301453,0.21633857212991503,-0.008056137037650743
HONDURAS,1975,1970s,45409089.0,2,Sector Privado,Regional,Menores,Baja,Operativo,2,0.9409452,0.21064151718403992,0.015507835767952772
HONDURAS,1976,1970s,24656200.0,2,Sector Privado,Regional,Menores,Baja,Operativo,2,0.9313343,0.21561341629375502,-0.005988183819908202
HONDURAS,1977,1970s,20118000.0,2,Sector Privado,Regional,Menores,Baja,Operativo,2,0.92711604,0.2181342959718481,-0.012930946479916253
HONDURAS,1978,1970s,31330000.0,2,Sector Privado,Regional,Menores,Baja,Operativo,2,0.93564105,0.21301456712386377,0.0023113936832307325
HONDURAS,1979,1970s,50130600.0,2,Sector Privado,Regional,Menores,Baja,Operativo,2,0.94180906,0.21011499258189492,0.019044200659689533
HONDURAS,1980,1980s,44642500.0,2,Sector Privado,Regional,Menores,Baja,Operativo,2,0.9407721,0.21073599873280613,0.014899768530057722
HONDURAS,1981,1980s,35921550.0,2,Sector Privado,Regional,Menores,Baja,Operativo,2,0.9378925,0.21198737765493395,0.007147903789188065
HONDURAS,1982,1980s,40794000.0,2,Sector Privado,Regional,Menores,Baja,Operativo,2,0.93968225,0.21122900933433567,0.01168087942150449
HONDURAS,1983,1980s,7560000.0,1,Sector Público,Regional,Menores,Ocasional,Oportunidad,0,0.8942238,-0.5051157544810182,-0.10822020286653758
HONDURAS,1984,1980s,14100000.0,1,Sector Público,Regional,Menores,Ocasional,Oportunidad,0,0.9122993,-0.4952079624604528,-0.08586835753440399
HONDURAS,1985,1980s,9150000.0,1,Sector Público,Regional,Menores,Ocasional,Oportunidad,0,0.899873,-0.5016942808462302,-0.10156673379757518
HONDURAS,1986,1980s,16675000.0,1,Sector Público,Regional,Menores,Ocasional,Oportunidad,0,0.9168308,-0.4933105365137228,-0.07951140096041492
HONDURAS,1987,1980s,30478300.0,1,Sector Público,Regional,Menores,Ocasional,Oportunidad,0,0.93188524,-0.48922583747456666,-0.05565437812368387
HONDURAS,1988,1980s,37600000.0,1,Sector Público,Regional,Menores,Ocasional,Oportunidad,0,0.93579555,-0.48861186887577507,-0.04711111598420047
HONDURAS,1989,1980s,48000000.0,1,Sector Público,Regional,Menores,Ocasional,Oportunidad,0,0.93942106,-0.48851324404087787,-0.03715103561773045
HONDURAS,1990,1990s,58900000.0,1,Sector Público,Regional,Regulares,Ocasional,Big Deals,0,0.940974,-0.48892797233832846,-0.0288490598325671
HONDURAS,1991,1990s,54100000.0,1,Sector Público,Regional,Menores,Ocasional,Oportunidad,0,0.9404942,-0.48874084314664973,-0.03229591810381101
HONDURAS,1992,1990s,89777167.0,2,Sector Privado,Regional,Regulares,Baja,Core Strategic,2,0.9448114,0.2102161841969053,0.03998383967330698
HONDURAS,1993,1990s,98428100.0,2,Sector Privado,Regional,Regulares,Baja,Core Strategic,2,0.9448677,0.21041898877310555,0.043279705744863776
HONDURAS,1994,1990s,75716800.0,2,Sector Privado,Regional,Regulares,Baja,Core Strategic,2,0.9443034,0.20991762824858393,0.03387095081415341
HONDURAS,1995,1990s,65755000.0,2,Sector Privado,Regional,Regulares,Baja,Core Strategic,2,0.9436092,0.2098034949822335,0.0287984848550771
HONDURAS,1996,1990s,74310000.0,2,Sector Privado,Regional,Regulares,Baja,Core Strategic,2,0.9442188,0.20989268607978975,0.03319704228967126
HONDURAS,1997,1990s,42847000.0,2,Sector Privado,Regional,Menores,Baja,Operativo,2,0.94030094,0.2109619996179052,0.013433913581571783
HONDURAS,1998,1990s,192949550.0,2,Sector Privado,Regional,Regulares,Baja,Core Strategic,2,0.9410671,0.21371673338966976,0.06718943717837676
HONDURAS,1999,1990s,18848000.0,1,Sector Privado,Regional,Menores,Ocasional,Oportunidad,1,0.9346789,-0.12948734656232996,-0.13348219379395682
HONDURAS,2000,2000s,35931050.0,2,Sector Privado,Regional,Menores,Baja,Operativo,2,0.9378965,0.21198552049609481,0.007157295771495574
HONDURAS,2001,2000s,46220064.0,2,Sector Privado,Regional,Menores,Baja,Operativo,2,0.94111377,0.21054281691802562,0.016140112383004872
HONDURAS,2002,2000s,41712285.0,2,Sector Privado,Regional,Menores,Baja,Operativo,2,0.93997467,0.2111084012273215,0.012475626880399453
HONDURAS,2003,2000s,192823903.47,2,Sector Privado,Regional,Regulares,Baja,Core Strategic,2,0.9410751,0.21371237757088624,0.06716648008135927
HONDURAS,2004,2000s,197676537.0,2,Sector Privado,Regional,Regulares,Baja,Core Strategic,2,0.9407617,0.213889677981778,0.0680408504840534
HONDURAS,2005,2000s,204978263.49,2,Sector Privado,Regional,Regulares,Baja,Core Strategic,2,0.94027746,0.21417520085183692,0.06931272383816835
HONDURAS,2006,2000s,238627000.05,2,Sector Privado,Regional,Regulares,Baja,Core Strategic,2,0.9378838,0.21542580991715699,0.07462685864892216
HONDURAS,2007,2000s,162352100.0,2,Sector Privado,Regional,Regulares,Baja,Core Strategic,2,0.9427533,0.2125469101945122,0.061099173569572306
HONDURAS,2008,2000s,273906000.0,2,Sector Privado,Regional,Regulares,Baja,Core Strategic,2,0.9354689,0.2169239244685621,0.07937566672417759
HONDURAS,2009,2000s,95500000.0,2,Sector Privado,Regional,Regulares,Baja,Core Strategic,2,0.94486785,0.21035323024373864,0.04219804106467151
HONDURAS,2010,2010s,474371179.0,2,Sector Privado,Regional,Regulares,Baja,Core Strategic,2,0.9226846,0.224912179862164,0.09768308090384986
HONDURAS,2011,2010s,392236000.0,1,Sector Público,Regional,Regulares,Ocasional,Big Deals,0,0.92792845,-0.5112589500150954,0.0414753405716783
HONDURAS,2012,2010s,380737976.09,2,Sector Privado,Regional,Regulares,Baja,Core Strategic,2,0.92828107,0.22124524099218504,0.09050243281166027
HONDURAS,2013,2010s,159802700.0,2,Sector Privado,Regional,Regulares,Baja,Core Strategic,2,0.94286406,0.21243817759904024,0.06054023970281368
HONDURAS,2014,2010s,210744117.73,2,Sector Privado,Regional,Regulares,Baja,Core Strategic,2,0.9398851,0.21440016078884544,0.07028403138092397
HONDURAS,2015,2010s,258300000.0,2,Sector Privado,Regional,Regulares,Baja,Core Strategic,2,0.9365214,0.21623366392443,0.07736632635603351
HONDURAS,2016,2010s,102182437.78,2,Sector Privado,Regional,Regulares,Baja,Core Strategic,2,0.9448396,0.2105194475547016,0.04461918799886086
HONDURAS,2017,2010s,267306740.0,2,Sector Privado,Regional,Regulares,Baja,Core Strategic,2,0.93591595,0.21663265029560852,0.07854152057410695
HONDURAS,2018,2010s,84262590.7,2,Sector Privado,Regional,Regulares,Baja,Core Strategic,2,0.94467115,0.21009931095536236,0.037710227714967084
HONDURAS,2019,2010s,168586952.0,2,Sector Privado,Regional,Regulares,Baja,Core Strategic,2,0.9424453,0.21280479616771872,0.06242945671579216
HONDURAS,2020,2020s,958498052.95,2,Sector Privado,Regional,Estratégicos,Baja,Core Strategic,2,0.9036907,0.23994539231694353,0.11916066272152281
HONDURAS,2021,2020s,720266365.18,2,Sector Privado,Regional,Estratégicos,Baja,Core Strategic,2,0.91159296,0.2332412135236548,0.11073617281692738
HONDURAS,2022,2020s,485000000.0,2,Sector Privado,Regional,Regulares,Baja,Core Strategic,2,0.9221021,0.2253101415359558,0.09839561496336256
HONDURAS,2023,2020s,786988111.14,2,Sector Privado,Regional,Estratégicos,Baja,Core Strategic,2,0.9091798,0.2352511672617988,0.11338920412980331
HONDURAS,2024,2020s,476300000.0,1,Sector Público,Regional,Regulares,Ocasional,Big Deals,0,0.9238267,-0.5163272859725018,0.04703499302648855
HONDURAS,2025,2020s,465000000.0,1,Sector Público,Regional,Regulares,Ocasional,Big Deals,0,0.9243499,-0.5156904364288712,0.04635930394502291
MÉXICO,2016,2010s,150000000.0,1,Sector Público,Extra-regional,Regulares,Ocasional,Big Deals,0,0.9401235,-0.4941861409045729,0.008388530469241262
NICARAGUA,1962,1960s,937200.0,1,Sector Privado,Regional,Menores,Ocasional,Oportunidad,1,0.8996552,-0.12324931813248524,-0.28594576560893326
NICARAGUA,1963,1960s,1044848.57,1,Sector Privado,Regional,Menores,Ocasional,Oportunidad,1,0.9018032,-0.12343974269970508,-0.28061584873396855
NICARAGUA,1964,1960s,11370158.0,2,Sector Privado,Regional,Menores,Baja,Operativo,2,0.9131806,0.2279078534347436,-0.03130250664496529
NICARAGUA,1965,1960s,5942000.0,2,Sector Privado,Regional,Menores,Baja,Operativo,2,0.893679,0.24227134000815306,-0.05040129819672793
NICARAGUA,1966,1960s,9447240.0,2,Sector Privado,Regional,Menores,Baja,Operativo,2,0.9080142,0.23173555355790496,-0.03693108704871888
NICARAGUA,1967,1960s,9838300.0,2,Sector Privado,Regional,Menores,Baja,Operativo,2,0.90917486,0.23088079825644292,-0.03571070146169868
NICARAGUA,1968,1960s,4534714.0,2,Sector Privado,Regional,Menores,Baja,Operativo,2,0.88481534,0.2488998470705815,-0.05787658413234014
NICARAGUA,1969,1960s,6735893.0,2,Sector Privado,Regional,Menores,Baja,Operativo,2,0.8977536,0.23921767467318816,-0.04688063661304903
NICARAGUA,1970,1970s,10376236.0,2,Sector Privado,Regional,Menores,Baja,Operativo,2,0.91067505,0.22977382635295623,-0.03409755673938424
NICARAGUA,1971,1970s,13902486.0,2,Sector Privado,Regional,Menores,Baja,Operativo,2,0.9185379,0.2240872772521177,-0.025000997104033196
NICARAGUA,1972,1970s,11009214.0,2,Sector Privado,Regional,Menores,Baja,Operativo,2,0.9123093,0.22856228503026363,-0.03229072199788381
NICARAGUA,1973,1970s,15826528.0,2,Sector Privado,Regional,Menores,Baja,Operativo,2,0.92171144,0.2218626327334644,-0.020830900180386663
NICARAGUA,1974,1970s,25087000.0,2,Sector Privado,Regional,Menores,Baja,Operativo,2,0.9316684,0.21541021104239189,-0.005393142057014551
NICARAGUA,1975,1970s,39074000.0,2,Sector Privado,Regional,Menores,Baja,Operativo,2,0.93909496,0.2114603438986708,0.01014294963096147
NICARAGUA,1976,1970s,22340000.0,2,Sector Privado,Regional,Menores,Baja,Operativo,2,0.9293629,0.21681668642674887,-0.009363279648323739
NICARAGUA,1977,1970s,28010000.0,2,Sector Privado,Regional,Menores,Baja,Operativo,2,0.93371093,0.21414608335655352,-0.0015906646141782574
NICARAGUA,1978,1970s,29871000.0,2,Sector Privado,Regional,Menores,Baja,Operativo,2,0.9348151,0.21342342003925896,0.0006359627378808074
NICARAGUA,1979,1970s,13800000.0,2,Sector Privado,Regional,Menores,Baja,Operativo,2,0.91834867,0.22422220985383928,-0.025235918537216503
NICARAGUA,1980,1980s,65285000.0,1,Sector Público,Regional,Regulares,Ocasional,Big Deals,0,0.94147646,-0.48915916615783717,-0.024668355421414424
NICARAGUA,1981,1980s,47650000.0,2,Sector Privado,Regional,Menores,Baja,Operativo,2,0.9413855,0.2103718272592401,0.017228625742998813
NICARAGUA,1982,1980s,19700000.0,1,Sector Público,Regional,Menores,Ocasional,Oportunidad,0,0.92115057,-0.4917229334205648,-0.07308578963552348
NICARAGUA,1983,1980s,13280000.0,1,Sector Público,Regional,Menores,Ocasional,Oportunidad,0,0.910606,-0.4959841772250088,-0.08810404313364036
NICARAGUA,1989,1980s,4650000.0,1,Sector Público,Regional,Menores,Ocasional,Oportunidad,0,0.87889415,-0.5153444453742588,-0.12421917262968069
NICARAGUA,1990,1990s,30000000.0,1,Sector Público,Regional,Menores,Ocasional,Oportunidad,0,0.93156767,-0.4892867795395197,-0.056294568477288094
NICARAGUA,1991,1990s,67200000.0,1,Sector Público,Regional,Regulares,Ocasional,Big Deals,0,0.9415927,-0.48924542152025874,-0.023495967115414716
NICARAGUA,1992,1990s,64877012.0,2,Sector Privado,Regional,Regulares,Baja,Core Strategic,2,0.9435334,0.2098080913507547,0.028314843043247974
NICARAGUA,1993,1990s,67765800.0,2,Sector Privado,Regional,Regulares,Baja,Core Strategic,2,0.943768,0.20980800807608657,0.029882194127780967
NICARAGUA,1994,1990s,94133772.0,2,Sector Privado,Regional,Regulares,Baja,Core Strategic,2,0.9448631,0.2103214393849716,0.04168185634592774
NICARAGUA,1995,1990s,23475000.0,2,Sector Privado,Regional,Menores,Baja,Operativo,2,0.930371,0.21620133922417079,-0.00767067450452737
NICARAGUA,1996,1990s,11737565.0,1,Sector Privado,Regional,Menores,Ocasional,Oportunidad,1,0.9352491,-0.12718235633697728,-0.15798350932090924
NICARAGUA,1997,1990s,7500000.0,1,Sector Privado,Regional,Menores,Ocasional,Oportunidad,1,0.9310382,-0.1257888932194751,-0.18115412897682265
NICARAGUA,1998,1990s,32711300.0,1,Sector Privado,Regional,Menores,Ocasional,Oportunidad,1,0.9228523,-0.13309751445724616,-0.10472012777011618
NICARAGUA,1999,1990s,20500000.0,1,Sector Privado,Regional,Menores,Ocasional,Oportunidad,1,0.93345875,-0.12999276125643155,-0.1291328851181046
NICARAGUA,2000,2000s,15100000.0,1,Sector Privado,Regional,Menores,Ocasional,Oportunidad,1,0.9356302,-0.12829869743577782,-0.14493615794234696
NICARAGUA,2001,2000s,19350000.0,1,Sector Privado,Regional,Menores,Ocasional,Oportunidad,1,0.93438065,-0.12964293366451846,-0.13211693106188932
NICARAGUA,2002,2000s,79181947.69,2,Sector Privado,Regional,Regulares,Baja,Core Strategic,2,0.94447505,0.20998568971773618,0.03547821508652032
NICARAGUA,2003,2000s,64695100.0,2,Sector Privado,Regional,Regulares,Baja,Core Strategic,2,0.9435166,0.2098097152142173,0.028213820456906562
NICARAGUA,2004,2000s,35507000.0,2,Sector Privado,Regional,Menores,Baja,Operativo,2,0.937711,0.2120687573421847,0.006735645780623768
NICARAGUA,2005,2000s,110407872.66,2,Sector Privado,Regional,Regulares,Baja,Core Strategic,2,0.94470096,0.21075295778919562,0.04738665322171537
NICARAGUA,2006,2000s,299548434.0,2,Sector Privado,Regional,Regulares,Baja,Core Strategic,2,0.9337047,0.21801847127663918,0.08242646367279204
NICARAGUA,2007,2000s,283895047.0,2,Sector Privado,Regional,Regulares,Baja,Core Strategic,2,0.934778,0.21735194727420942,0.08059963969481829
NICARAGUA,2008,2000s,269043879.0,2,Sector Privado,Regional,Regulares,Baja,Core Strategic,2,0.9357998,0.21671003846054546,0.07876313275961311
NICARAGUA,2009,2000s,321287137.88,2,Sector Privado,Regional,Regulares,Baja,Core Strategic,2,0.9322151,0.21892183484092165,0.08480005006291205
NICARAGUA,2010,2010s,148226951.0,2,Sector Privado,Regional,Regulares,Baja,Core Strategic,2,0.9433712,0.21195371964266024,0.057880730647814266
NICARAGUA,2011,2010s,162434985.0,2,Sector Privado,Regional,Regulares,Baja,Core Strategic,2,0.94274926,0.21255041159746046,0.06111719622134796
NICARAGUA,2012,2010s,253044054.79,1,Sector Público,Regional,Regulares,Ocasional,Big Deals,0,0.9354018,-0.5017381153324422,0.027441740503565456
NICARAGUA,2013,2010s,366545473.0,2,Sector Privado,Regional,Regulares,Baja,Core Strategic,2,0.9292085,0.22069198103913368,0.08923643110461087
NICARAGUA,2014,2010s,333883194.0,1,Sector Público,Regional,Regulares,Ocasional,Big Deals,0,0.9308965,-0.5073868594419961,0.03658310089232765
NICARAGUA,2015,2010s,196016547.1,2,Sector Privado,Regional,Regulares,Baja,Core Strategic,2,0.94086975,0.21382926119642928,0.06774425166897961
NICARAGUA,2016,2010s,379786817.2,1,Sector Público,Regional,Regulares,Ocasional,Big Deals,0,0.92855096,-0.5104255933735693,0.040537556758493944
NICARAGUA,2017,2010s,478774000.0,2,Sector Privado,Regional,Regulares,Baja,Core Strategic,2,0.92244315,0.22507684444326864,0.09798057728248365
NICARAGUA,2018,2010s,365114696.0,1,Sector Público,Regional,Regulares,Ocasional,Big Deals,0,0.9292948,-0.5094648695198881,0.039351568412524095
NICARAGUA,2019,2010s,656144540.0,2,Sector Privado,Regional,Estratégicos,Baja,Core Strategic,2,0.9140974,0.2311781471949095,0.10791017731187268
NICARAGUA,2020,2020s,698696935.0,1,Sector Público,Regional,Estratégicos,Ocasional,Big Deals,0,0.9147736,-0.5270975966513453,0.05717864377723175
NICARAGUA,2021,2020s,812903013.99,2,Sector Privado,Regional,Estratégicos,Baja,Core Strategic,2,0.90828675,0.2360009566405833,0.11435060283367593
NICARAGUA,2022,2020s,200000000.0,1,Sector Público,Regional,Regulares,Ocasional,Big Deals,0,0.9378952,-0.49771130000690295,0.019188453249759194
NICARAGUA,2024,2020s,130000000.0,1,Sector Público,Regional,Regulares,Ocasional,Big Deals,0,0.9408926,-0.49287247067683837,0.0028371202449655178
NICARAGUA,2025,2020s,235000000.0,1,Sector Público,Regional,Regulares,Ocasional,Big Deals,0,0.9363024,-0.5003981655603453,0.024890537516433133
PANAMÁ,2005,2000s,20000000.0,1,Sector Público,Extra-regional,Menores,Ocasional,Oportunidad,0,0.9215472,-0.4916051496728433,-0.07249187569688442
PANAMÁ,2007,2000s,116033333.33,2,Sector Privado,Extra-regional,Regulares,Baja,Core Strategic,2,0.9445299,0.21090318605784208,0.04916190868497926
PANAMÁ,2008,2000s,30100000.0,1,Sector Privado,Extra-regional,Menores,Ocasional,Oportunidad,1,0.9252075,-0.13259032135315887,-0.10903655924540949
PANAMÁ,2009,2000s,20000000.0,1,Sector Privado,Extra-regional,Menores,Ocasional,Oportunidad,1,0.93389076,-0.1298462949943326,-0.13039909526857846
PANAMÁ,2010,2010s,12790915.0,1,Sector Privado,Extra-regional,Menores,Ocasional,Oportunidad,1,0.9355209,-0.12754271050701835,-0.153522005042553
PANAMÁ,2011,2010s,25000000.0,1,Sector Privado,Extra-regional,Menores,Ocasional,Oportunidad,1,0.92945373,-0.1312714981515666,-0.11882312243974312
PANAMÁ,2013,2010s,10000000.0,1,Sector Privado,Extra-regional,Menores,Ocasional,Oportunidad,1,0.93395746,-0.1265754438953153,-0.16628702710976112
PANAMÁ,2014,2010s,30000000.0,1,Sector Privado,Extra-regional,Menores,Ocasional,Oportunidad,1,0.9252925,-0.13256860508605858,-0.10921252003788892
PANAMÁ,2015,2010s,220000000.0,2,Sector Privado,Extra-regional,Regulares,Baja,Core Strategic,2,0.93923414,0.2147474022278113,0.07178834847399475
PANAMÁ,2016,2010s,256000000.0,2,Sector Privado,Extra-regional,Regulares,Baja,Core Strategic,2,0.9366771,0.2161311388653221,0.07705917547883342
PANAMÁ,2017,2010s,190000000.0,2,Sector Privado,Extra-regional,Regulares,Baja,Core Strategic,2,0.94125056,0.21361359787739917,0.06664650631614875
PANAMÁ,2018,2010s,801000000.0,2,Sector Privado,Extra-regional,Estratégicos,Baja,Core Strategic,2,0.9086952,0.23565948658276695,0.113913176087552
PANAMÁ,2019,2010s,184000000.0,2,Sector Privado,Extra-regional,Regulares,Baja,Core Strategic,2,0.94161344,0.21339797452954662,0.06551533782855368
PANAMÁ,2020,2020s,400000000.0,1,Sector Público,Extra-regional,Regulares,Ocasional,Big Deals,0,0.9275365,-0.5117680234115123,0.042042251444255656
PANAMÁ,2021,2020s,125000000.0,1,Sector Privado,Extra-regional,Regulares,Ocasional,Big Deals,1,0.87779546,-0.1433160749130641,-0.027813094438752
PANAMÁ,2022,2020s,230000000.0,2,Sector Privado,Extra-regional,Regulares,Baja,Core Strategic,2,0.9385085,0.21510483080488416,0.07334332412755289
PANAMÁ,2024,2020s,240000000.0,1,Sector Público,Extra-regional,Regulares,Ocasional,Big Deals,0,0.9360658,-0.50077754291314,0.02561833357288464
PANAMÁ,2025,2020s,108200000.0,2,Sector Privado,Extra-regional,Regulares,Baja,Core Strategic,2,0.94474494,0.21069275364955856,0.046664773331599754
REGIONAL,2025,2020s,37187480.0,1,Sector Público,Multi-country,Menores,Ocasional,Oportunidad,0,0.9356001,-0.48862787862227525,-0.047561537468226146
REPÚBLICA DOMINICANA,2007,2000s,50000000.0,1,Sector Público,Extra-regional,Menores,Ocasional,Oportunidad,0,0.9399758,-0.4885723317631827,-0.035492061199857
REPÚBLICA DOMINICANA,2010,2010s,150000000.0,1,Sector Público,Extra-regional,Regulares,Ocasional,Big Deals,0,0.9401235,-0.4941861408684133,0.008388530881885138
REPÚBLICA DOMINICANA,2013,2010s,80200000.0,1,Sector Público,Extra-regional,Regulares,Ocasional,Big Deals,0,0.9418479,-0.48982604828938864,-0.01633377844155794
REPÚBLICA DOMINICANA,2016,2010s,100000000.0,1,Sector Público,Extra-regional,Regulares,Ocasional,Big Deals,0,0.94170874,-0.4908823548619583,-0.007476337018216436
REPÚBLICA DOMINICANA,2017,2010s,249600000.0,1,Sector Público,Extra-regional,Regulares,Ocasional,Big Deals,0,0.9355955,-0.5014897480842033,0.026969758339370993
REPÚBLICA DOMINICANA,2018,2010s,154000000.0,1,Sector Privado,Extra-regional,Regulares,Ocasional,Big Deals,1,0.8705151,-0.14532561591677495,-0.012638714258454902
REPÚBLICA DOMINICANA,2020,2020s,30000000.0,1,Sector Público,Extra-regional,Menores,Ocasional,Oportunidad,0,0.93156767,-0.48928677953290584,-0.05629456853178378
REPÚBLICA DOMINICANA,2021,2020s,410000000.0,1,Sector Público,Extra-regional,Regulares,Ocasional,Big Deals,0,0.9270252,-0.5124090653982976,0.04275528819702557
REPÚBLICA DOMINICANA,2022,2020s,580000000.0,1,Sector Público,Extra-regional,Regulares,Ocasional,Big Deals,0,0.9193903,-0.5217620519338076,0.05237412240236653
REPÚBLICA DOMINICANA,2023,2020s,908226411.0,1,Sector Público,Extra-regional,Estratégicos,Ocasional,Big Deals,0,0.9078469,-0.5350379077444886,0.0634563439269235
REPÚBLICA DOMINICANA,2024,2020s,100000000.0,1,Sector Público,Extra-regional,Regulares,Ocasional,Big Deals,0,0.94170874,-0.4908823548609492,-0.007476336991676256
REPÚBLICA DOMINICANA,2025,2020s,180900000.0,2,Sector Privado,Extra-regional,Regulares,Baja,Core Strategic,2,0.9417875,0.21328337369658107,0.06491622270556964
